position,team,gp,pts,season,league,league_level,pts_per_game,Gross_PY_GBP,Adj_Gross_GBP,pyramid_position
1,Manchester City,38,86,2013-2014,Premier League,1,2.263157894736842,113952000.0,147132001.0,1
2,Liverpool,38,84,2013-2014,Premier League,1,2.210526315789474,65562600.0,84652806.0,2
3,Chelsea,38,82,2013-2014,Premier League,1,2.1578947368421053,105912000.0,136750953.0,3
4,Arsenal,38,79,2013-2014,Premier League,1,2.0789473684210527,73670800.0,95121913.0,4
5,Everton,38,72,2013-2014,Premier League,1,1.894736842105263,52856800.0,68247394.0,5
6,Tottenham Hotspur,38,69,2013-2014,Premier League,1,1.8157894736842106,54612600.0,70514439.0,6
7,Manchester United,38,64,2013-2014,Premier League,1,1.6842105263157894,97292000.0,125621023.0,7
8,Southampton,38,56,2013-2014,Premier League,1,1.4736842105263157,27840400.0,35946835.0,8
9,Stoke City,38,50,2013-2014,Premier League,1,1.3157894736842106,33927000.0,43805704.0,9
10,Newcastle United,38,49,2013-2014,Premier League,1,1.2894736842105263,36455600.0,47070570.0,10
11,Crystal Palace,38,45,2013-2014,Premier League,1,1.1842105263157894,19393800.0,25040793.0,11
12,Swansea City,38,42,2013-2014,Premier League,1,1.105263157894737,21459000.0,27707329.0,12
13,West Ham United,38,40,2013-2014,Premier League,1,1.0526315789473684,47288600.0,61057870.0,13
14,Sunderland,38,38,2013-2014,Premier League,1,1.0,41565000.0,53667701.0,14
15,Aston Villa,38,38,2013-2014,Premier League,1,1.0,33826000.0,43675294.0,15
16,Hull City,38,37,2013-2014,Premier League,1,0.9736842105263158,21024000.0,27145670.0,16
17,West Bromwich Albion,38,36,2013-2014,Premier League,1,0.9473684210526315,34543000.0,44601067.0,17
18,Norwich City,38,33,2013-2014,Premier League,1,0.868421052631579,27851400.0,35961037.0,18
19,Fulham,38,32,2013-2014,Premier League,1,0.8421052631578947,33377400.0,43096074.0,19
20,Cardiff City,38,30,2013-2014,Premier League,1,0.7894736842105263,28052000.0,36220051.0,20
1,Leicester City,46,102,2013-2014,Championship,2,2.217391304347826,17206800.0,22216993.0,21
2,Burnley,46,93,2013-2014,Championship,2,2.0217391304347827,6666200.0,8607232.0,22
3,Derby County,46,85,2013-2014,Championship,2,1.8478260869565217,9122200.0,11778356.0,23
4,Queens Park Rangers,46,80,2013-2014,Championship,2,1.7391304347826086,40871000.0,52771625.0,24
5,Wigan Athletic,46,73,2013-2014,Championship,2,1.5869565217391304,17597000.0,22720810.0,25
6,Brighton & Hove Albion,46,72,2013-2014,Championship,2,1.565217391304348,8294800.0,10710041.0,26
7,Reading,46,71,2013-2014,Championship,2,1.5434782608695652,18360000.0,23705974.0,27
8,Blackburn Rovers,46,70,2013-2014,Championship,2,1.5217391304347827,17427600.0,22502084.0,28
9,Ipswich Town,46,68,2013-2014,Championship,2,1.4782608695652173,7210000.0,9309374.0,29
10,AFC Bournemouth,46,66,2013-2014,Championship,2,1.434782608695652,5540200.0,7153367.0,30
11,Nottingham Forest,46,65,2013-2014,Championship,2,1.4130434782608696,20054000.0,25893228.0,31
12,Middlesbrough,46,64,2013-2014,Championship,2,1.391304347826087,11393000.0,14710360.0,32
13,Watford,46,60,2013-2014,Championship,2,1.3043478260869565,11335200.0,14635729.0,33
14,Bolton Wanderers,46,59,2013-2014,Championship,2,1.2826086956521738,16293800.0,21038152.0,34
15,Leeds United,46,57,2013-2014,Championship,2,1.2391304347826086,11483800.0,14827599.0,35
16,Sheffield Wednesday,46,53,2013-2014,Championship,2,1.1521739130434783,8429600.0,10884093.0,36
17,Huddersfield Town,46,53,2013-2014,Championship,2,1.1521739130434783,7021800.0,9066377.0,37
18,Charlton Athletic,46,51,2013-2014,Championship,2,1.108695652173913,7410000.0,9567611.0,38
19,Millwall,46,48,2013-2014,Championship,2,1.0434782608695652,9817600.0,12676244.0,39
20,Blackpool,46,46,2013-2014,Championship,2,1.0,6765000.0,8734801.0,40
21,Birmingham City,46,44,2013-2014,Championship,2,0.9565217391304348,8423000.0,10875568.0,41
22,Doncaster Rovers,46,44,2013-2014,Championship,2,0.9565217391304348,5532200.0,7143039.0,42
23,Barnsley,46,39,2013-2014,Championship,2,0.8478260869565217,7614600.0,9831784.0,43
24,Yeovil Town,46,37,2013-2014,Championship,2,0.8043478260869565,3406800.0,4398778.0,44
1,Chelsea,38,87,2014-2015,Premier League,1,2.289473684210526,104660800.0,134639898.0,1
2,Manchester City,38,79,2014-2015,Premier League,1,2.0789473684210527,122823600.0,158005259.0,2
3,Arsenal,38,75,2014-2015,Premier League,1,1.9736842105263157,94675400.0,121794274.0,3
4,Manchester United,38,70,2014-2015,Premier League,1,1.8421052631578947,143052000.0,184027894.0,4
5,Tottenham Hotspur,38,64,2014-2015,Premier League,1,1.6842105263157894,67662000.0,87043138.0,5
6,Liverpool,38,62,2014-2015,Premier League,1,1.631578947368421,81770000.0,105192244.0,6
7,Southampton,38,60,2014-2015,Premier League,1,1.5789473684210527,43549800.0,56024227.0,7
8,Swansea City,38,56,2014-2015,Premier League,1,1.4736842105263157,30019000.0,38617657.0,8
9,Stoke City,38,54,2014-2015,Premier League,1,1.4210526315789473,36729800.0,47250705.0,9
10,Crystal Palace,38,48,2014-2015,Premier League,1,1.263157894736842,31704000.0,40785314.0,10
11,Everton,38,47,2014-2015,Premier League,1,1.236842105263158,50488600.0,64950585.0,11
12,West Ham United,38,47,2014-2015,Premier League,1,1.236842105263158,45495600.0,58527384.0,12
13,West Bromwich Albion,38,44,2014-2015,Premier League,1,1.1578947368421053,35490000.0,45655773.0,13
14,Leicester City,38,41,2014-2015,Premier League,1,1.0789473684210527,33158000.0,42655795.0,14
15,Newcastle United,38,39,2014-2015,Premier League,1,1.0263157894736843,32225800.0,41456576.0,15
16,Sunderland,38,38,2014-2015,Premier League,1,1.0,39406000.0,50693478.0,16
17,Aston Villa,38,38,2014-2015,Premier League,1,1.0,33152600.0,42648847.0,17
18,Hull City,38,35,2014-2015,Premier League,1,0.9210526315789473,36795000.0,47334581.0,18
19,Burnley,38,33,2014-2015,Premier League,1,0.868421052631579,15583800.0,20047633.0,19
20,Queens Park Rangers,38,30,2014-2015,Premier League,1,0.7894736842105263,45110800.0,58032359.0,20
1,AFC Bournemouth,46,90,2014-2015,Championship,2,1.9565217391304348,10405400.0,13385928.0,21
2,Watford,46,89,2014-2015,Championship,2,1.934782608695652,15229600.0,19591974.0,22
3,Norwich City,46,86,2014-2015,Championship,2,1.8695652173913044,20922600.0,26915677.0,23
4,Middlesbrough,46,85,2014-2015,Championship,2,1.8478260869565217,13616200.0,17516434.0,24
5,Brentford,46,78,2014-2015,Championship,2,1.6956521739130435,5265800.0,6774142.0,25
6,Ipswich Town,46,78,2014-2015,Championship,2,1.6956521739130435,8788200.0,11305496.0,26
7,Wolverhampton Wanderers,46,78,2014-2015,Championship,2,1.6956521739130435,11921000.0,15335659.0,27
8,Derby County,46,77,2014-2015,Championship,2,1.673913043478261,18866800.0,24271017.0,28
9,Blackburn Rovers,46,67,2014-2015,Championship,2,1.4565217391304348,15786600.0,20308520.0,29
10,Birmingham City,46,63,2014-2015,Championship,2,1.3695652173913044,6962800.0,8957231.0,30
11,Cardiff City,46,62,2014-2015,Championship,2,1.3478260869565217,22067000.0,28387882.0,31
12,Charlton Athletic,46,60,2014-2015,Championship,2,1.3043478260869565,7133800.0,9177207.0,32
13,Sheffield Wednesday,46,60,2014-2015,Championship,2,1.3043478260869565,9604400.0,12355490.0,33
14,Nottingham Forest,46,59,2014-2015,Championship,2,1.2826086956521738,19286400.0,24810805.0,34
15,Leeds United,46,56,2014-2015,Championship,2,1.2173913043478262,10486800.0,13490647.0,35
16,Huddersfield Town,46,55,2014-2015,Championship,2,1.1956521739130435,9261400.0,11914238.0,36
17,Fulham,46,52,2014-2015,Championship,2,1.1304347826086956,16487600.0,21210317.0,37
18,Bolton Wanderers,46,51,2014-2015,Championship,2,1.108695652173913,14585600.0,18763504.0,38
19,Reading,46,50,2014-2015,Championship,2,1.0869565217391304,16951200.0,21806713.0,39
20,Brighton & Hove Albion,46,47,2014-2015,Championship,2,1.0217391304347827,18069600.0,23245467.0,40
21,Rotherham United,46,46,2014-2015,Championship,2,1.0,8018600.0,10315455.0,41
22,Millwall,46,41,2014-2015,Championship,2,0.8913043478260869,8221000.0,10575826.0,42
23,Wigan Athletic,46,39,2014-2015,Championship,2,0.8478260869565217,15199400.0,19553124.0,43
24,Blackpool,46,26,2014-2015,Championship,2,0.5652173913043478,5248400.0,6751759.0,44
1,Leicester City,38,81,2015-2016,Premier League,1,2.1315789473684212,38448800.0,48968291.0,1
2,Arsenal,38,71,2015-2016,Premier League,1,1.868421052631579,96781400.0,123260538.0,2
3,Tottenham Hotspur,38,70,2015-2016,Premier League,1,1.8421052631578947,53431800.0,68050598.0,3
4,Manchester City,38,66,2015-2016,Premier League,1,1.736842105263158,127050000.0,161810544.0,4
5,Manchester United,38,66,2015-2016,Premier League,1,1.736842105263158,123284200.0,157014433.0,5
6,Southampton,38,63,2015-2016,Premier League,1,1.6578947368421053,44402800.0,56551292.0,6
7,West Ham United,38,62,2015-2016,Premier League,1,1.631578947368421,52863200.0,67326435.0,7
8,Liverpool,38,60,2015-2016,Premier League,1,1.5789473684210527,93672800.0,119301432.0,8
9,Stoke City,38,51,2015-2016,Premier League,1,1.3421052631578947,42288000.0,53857887.0,9
10,Chelsea,38,50,2015-2016,Premier League,1,1.3157894736842106,99954800.0,127302169.0,10
11,Everton,38,47,2015-2016,Premier League,1,1.236842105263158,55474000.0,70651540.0,11
12,Swansea City,38,47,2015-2016,Premier League,1,1.236842105263158,40612000.0,51723334.0,12
13,Watford,38,45,2015-2016,Premier League,1,1.1842105263157894,31099000.0,39607605.0,13
14,West Bromwich Albion,38,43,2015-2016,Premier League,1,1.131578947368421,41860000.0,53312789.0,14
15,Crystal Palace,38,42,2015-2016,Premier League,1,1.105263157894737,53684800.0,68372822.0,15
16,AFC Bournemouth,38,42,2015-2016,Premier League,1,1.105263157894737,26620600.0,33903931.0,16
17,Sunderland,38,39,2015-2016,Premier League,1,1.0263157894736843,46364800.0,59050090.0,17
18,Newcastle United,38,37,2015-2016,Premier League,1,0.9736842105263158,47190800.0,60102081.0,18
19,Norwich City,38,34,2015-2016,Premier League,1,0.8947368421052632,32656000.0,41590597.0,19
20,Aston Villa,38,17,2015-2016,Premier League,1,0.4473684210526316,37180000.0,47352355.0,20
1,Burnley,46,93,2015-2016,Championship,2,2.0217391304347827,15606000.0,19875763.0,21
2,Middlesbrough,46,89,2015-2016,Championship,2,1.934782608695652,23682000.0,30161335.0,22
3,Brighton & Hove Albion,46,89,2015-2016,Championship,2,1.934782608695652,16044000.0,20433596.0,23
4,Hull City,46,83,2015-2016,Championship,2,1.8043478260869565,16447800.0,20947877.0,24
5,Derby County,46,78,2015-2016,Championship,2,1.6956521739130435,19364600.0,24662710.0,25
6,Sheffield Wednesday,46,74,2015-2016,Championship,2,1.608695652173913,17051800.0,21717127.0,26
7,Ipswich Town,46,69,2015-2016,Championship,2,1.5,8522600.0,10854363.0,27
8,Cardiff City,46,68,2015-2016,Championship,2,1.4782608695652173,20169000.0,25687188.0,28
9,Brentford,46,65,2015-2016,Championship,2,1.4130434782608696,7959800.0,10137581.0,29
10,Birmingham City,46,63,2015-2016,Championship,2,1.3695652173913044,8573600.0,10919314.0,30
11,Preston North End,46,62,2015-2016,Championship,2,1.3478260869565217,8504800.0,10831689.0,31
12,Queens Park Rangers,46,60,2015-2016,Championship,2,1.3043478260869565,17608600.0,22426268.0,32
13,Leeds United,46,59,2015-2016,Championship,2,1.2826086956521738,10130800.0,12902559.0,33
14,Wolverhampton Wanderers,46,58,2015-2016,Championship,2,1.2608695652173914,15491800.0,19730319.0,34
15,Blackburn Rovers,46,55,2015-2016,Championship,2,1.1956521739130435,16171800.0,20596366.0,35
16,Nottingham Forest,46,55,2015-2016,Championship,2,1.1956521739130435,16267400.0,20718124.0,36
17,Reading,46,52,2015-2016,Championship,2,1.1304347826086956,15656200.0,19939697.0,37
18,Bristol City,46,52,2015-2016,Championship,2,1.1304347826086956,9757200.0,12426747.0,38
19,Huddersfield Town,46,51,2015-2016,Championship,2,1.108695652173913,10621800.0,13527898.0,39
20,Fulham,46,51,2015-2016,Championship,2,1.108695652173913,21858000.0,27838291.0,40
21,Rotherham United,46,49,2015-2016,Championship,2,1.065217391304348,7212400.0,9185692.0,41
22,Charlton Athletic,46,40,2015-2016,Championship,2,0.8695652173913043,11303000.0,14395473.0,42
23,Milton Keynes Dons,46,39,2015-2016,Championship,2,0.8478260869565217,6047000.0,7701444.0,43
24,Bolton Wanderers,46,30,2015-2016,Championship,2,0.6521739130434783,10205400.0,12997570.0,44
1,Chelsea,38,93,2016-2017,Premier League,1,2.4473684210526314,98614000.0,122462245.0,1
2,Tottenham Hotspur,38,86,2016-2017,Premier League,1,2.263157894736842,71261400.0,88494848.0,2
3,Manchester City,38,78,2016-2017,Premier League,1,2.0526315789473686,135195000.0,167889783.0,3
4,Liverpool,38,76,2016-2017,Premier League,1,2.0,90521600.0,112412826.0,4
5,Arsenal,38,75,2016-2017,Premier League,1,1.9736842105263157,102325000.0,127070690.0,5
6,Manchester United,38,69,2016-2017,Premier League,1,1.8157894736842106,152287800.0,189116211.0,6
7,Everton,38,61,2016-2017,Premier League,1,1.605263157894737,67759000.0,84145449.0,7
8,Southampton,38,46,2016-2017,Premier League,1,1.2105263157894737,57284000.0,71137235.0,8
9,AFC Bournemouth,38,46,2016-2017,Premier League,1,1.2105263157894737,33897000.0,42094456.0,9
10,West Bromwich Albion,38,45,2016-2017,Premier League,1,1.1842105263157894,41251600.0,51227649.0,10
11,West Ham United,38,45,2016-2017,Premier League,1,1.1842105263157894,54963600.0,68255681.0,11
12,Leicester City,38,44,2016-2017,Premier League,1,1.1578947368421053,63444800.0,78787926.0,12
13,Stoke City,38,44,2016-2017,Premier League,1,1.1578947368421053,53613600.0,66579203.0,13
14,Crystal Palace,38,41,2016-2017,Premier League,1,1.0789473684210527,72167000.0,89619456.0,14
15,Swansea City,38,41,2016-2017,Premier League,1,1.0789473684210527,39728000.0,49335589.0,15
16,Burnley,38,40,2016-2017,Premier League,1,1.0526315789473684,24622000.0,30576444.0,16
17,Watford,38,40,2016-2017,Premier League,1,1.0526315789473684,46602200.0,57872209.0,17
18,Hull City,38,34,2016-2017,Premier League,1,0.8947368421052632,42145000.0,52337109.0,18
19,Middlesbrough,38,28,2016-2017,Premier League,1,0.7368421052631579,38868000.0,48267614.0,19
20,Sunderland,38,24,2016-2017,Premier League,1,0.631578947368421,47772800.0,59325901.0,20
1,Newcastle United,46,94,2016-2017,Championship,2,2.0434782608695654,37232000.0,46235974.0,21
2,Brighton & Hove Albion,46,93,2016-2017,Championship,2,2.0217391304347827,14888400.0,18488927.0,22
3,Reading,46,85,2016-2017,Championship,2,1.8478260869565217,19109000.0,23730214.0,23
4,Sheffield Wednesday,46,81,2016-2017,Championship,2,1.7608695652173914,27780600.0,34498905.0,24
5,Huddersfield Town,46,81,2016-2017,Championship,2,1.7608695652173914,9371000.0,11637229.0,25
6,Fulham,46,80,2016-2017,Championship,2,1.7391304347826086,15261600.0,18952379.0,26
7,Leeds United,46,75,2016-2017,Championship,2,1.6304347826086956,10679000.0,13261548.0,27
8,Norwich City,46,70,2016-2017,Championship,2,1.5217391304347827,25269800.0,31380907.0,28
9,Derby County,46,67,2016-2017,Championship,2,1.4565217391304348,21619000.0,26847218.0,29
10,Brentford,46,64,2016-2017,Championship,2,1.391304347826087,9127600.0,11334970.0,30
11,Preston North End,46,62,2016-2017,Championship,2,1.3478260869565217,9516800.0,11818287.0,31
12,Cardiff City,46,62,2016-2017,Championship,2,1.3478260869565217,14354800.0,17826283.0,32
13,Aston Villa,46,62,2016-2017,Championship,2,1.3478260869565217,34429000.0,42755113.0,33
14,Barnsley,46,58,2016-2017,Championship,2,1.2608695652173914,8095400.0,10053147.0,34
15,Wolverhampton Wanderers,46,58,2016-2017,Championship,2,1.2608695652173914,18660800.0,23173624.0,35
16,Ipswich Town,46,55,2016-2017,Championship,2,1.1956521739130435,10566200.0,13121468.0,36
17,Bristol City,46,54,2016-2017,Championship,2,1.173913043478261,13342600.0,16569300.0,37
18,Queens Park Rangers,46,53,2016-2017,Championship,2,1.1521739130434783,16733000.0,20779614.0,38
19,Birmingham City,46,53,2016-2017,Championship,2,1.1521739130434783,8598600.0,10678036.0,39
20,Burton Albion,46,52,2016-2017,Championship,2,1.1304347826086956,4668800.0,5797876.0,40
21,Nottingham Forest,46,51,2016-2017,Championship,2,1.108695652173913,20938800.0,26002523.0,41
22,Blackburn Rovers,46,51,2016-2017,Championship,2,1.108695652173913,13723200.0,17041941.0,42
23,Wigan Athletic,46,42,2016-2017,Championship,2,0.9130434782608695,10903800.0,13540711.0,43
24,Rotherham United,46,23,2016-2017,Championship,2,0.5,7664800.0,9518410.0,44
1,Manchester City,38,100,2017-2018,Premier League,1,2.6315789473684212,135610000.0,164630434.0,1
2,Manchester United,38,81,2017-2018,Premier League,1,2.1315789473684212,163066800.0,197962969.0,2
3,Tottenham Hotspur,38,77,2017-2018,Premier League,1,2.026315789473684,80417800.0,97627147.0,3
4,Liverpool,38,75,2017-2018,Premier League,1,1.9736842105263157,96572800.0,117239306.0,4
5,Chelsea,38,70,2017-2018,Premier League,1,1.8421052631578947,121693600.0,147735938.0,5
6,Arsenal,38,63,2017-2018,Premier League,1,1.6578947368421053,160856000.0,195279061.0,6
7,Burnley,38,54,2017-2018,Premier League,1,1.4210526315789473,31928000.0,38760570.0,7
8,Everton,38,49,2017-2018,Premier League,1,1.2894736842105263,84333800.0,102381167.0,8
9,Leicester City,38,47,2017-2018,Premier League,1,1.236842105263158,65875000.0,79972200.0,9
10,Newcastle United,38,44,2017-2018,Premier League,1,1.1578947368421053,37544000.0,45578387.0,10
11,Crystal Palace,38,44,2017-2018,Premier League,1,1.1578947368421053,68267600.0,82876814.0,11
12,AFC Bournemouth,38,44,2017-2018,Premier League,1,1.1578947368421053,41917000.0,50887204.0,12
13,West Ham United,38,42,2017-2018,Premier League,1,1.105263157894737,68079800.0,82648826.0,13
14,Watford,38,41,2017-2018,Premier League,1,1.0789473684210527,48566800.0,58960057.0,14
15,Brighton & Hove Albion,38,40,2017-2018,Premier League,1,1.0526315789473684,39144800.0,47521758.0,15
16,Huddersfield Town,38,37,2017-2018,Premier League,1,0.9736842105263158,25607000.0,31086877.0,16
17,Southampton,38,36,2017-2018,Premier League,1,0.9473684210526315,66632800.0,80892168.0,17
18,Swansea City,38,33,2017-2018,Premier League,1,0.868421052631579,47773000.0,57996386.0,18
19,Stoke City,38,33,2017-2018,Premier League,1,0.868421052631579,51147800.0,62093391.0,19
20,West Bromwich Albion,38,31,2017-2018,Premier League,1,0.8157894736842105,58175600.0,70625137.0,20
1,Wolverhampton Wanderers,46,99,2017-2018,Championship,2,2.152173913043478,23420000.0,28431864.0,21
2,Cardiff City,46,90,2017-2018,Championship,2,1.9565217391304348,15854600.0,19247475.0,22
3,Fulham,46,88,2017-2018,Championship,2,1.9130434782608696,17004800.0,20643816.0,23
4,Aston Villa,46,83,2017-2018,Championship,2,1.8043478260869565,40971600.0,49739491.0,24
5,Middlesbrough,46,76,2017-2018,Championship,2,1.6521739130434783,30215800.0,36681960.0,25
6,Derby County,46,75,2017-2018,Championship,2,1.6304347826086956,25661600.0,31153162.0,26
7,Preston North End,46,73,2017-2018,Championship,2,1.5869565217391304,5538000.0,6723132.0,27
8,Millwall,46,72,2017-2018,Championship,2,1.565217391304348,6548400.0,7949755.0,28
9,Brentford,46,69,2017-2018,Championship,2,1.5,10166000.0,12341523.0,29
10,Sheffield United,46,69,2017-2018,Championship,2,1.5,10605400.0,12874952.0,30
11,Bristol City,46,67,2017-2018,Championship,2,1.4565217391304348,11106800.0,13483651.0,31
12,Ipswich Town,46,60,2017-2018,Championship,2,1.3043478260869565,10550400.0,12808183.0,32
13,Leeds United,46,60,2017-2018,Championship,2,1.3043478260869565,17173600.0,20848739.0,33
14,Norwich City,46,60,2017-2018,Championship,2,1.3043478260869565,21230000.0,25773201.0,34
15,Sheffield Wednesday,46,57,2017-2018,Championship,2,1.2391304347826086,24512000.0,29757550.0,35
16,Queens Park Rangers,46,56,2017-2018,Championship,2,1.2173913043478262,11682800.0,14182914.0,36
17,Nottingham Forest,46,53,2017-2018,Championship,2,1.1521739130434783,20497000.0,24883344.0,37
18,Hull City,46,49,2017-2018,Championship,2,1.065217391304348,18433600.0,22378378.0,38
19,Birmingham City,46,46,2017-2018,Championship,2,1.0,16788200.0,20380864.0,39
20,Reading,46,44,2017-2018,Championship,2,0.9565217391304348,18854600.0,22889469.0,40
21,Bolton Wanderers,46,43,2017-2018,Championship,2,0.9347826086956522,10176400.0,12354147.0,41
22,Barnsley,46,41,2017-2018,Championship,2,0.8913043478260869,6121000.0,7430893.0,42
23,Burton Albion,46,41,2017-2018,Championship,2,0.8913043478260869,6535600.0,7934216.0,43
24,Sunderland,46,37,2017-2018,Championship,2,0.8043478260869565,24221600.0,29405003.0,44
1,Manchester City,38,98,2018-2019,Premier League,1,2.5789473684210527,151035800.0,180224845.0,1
2,Liverpool,38,97,2018-2019,Premier League,1,2.5526315789473686,121599800.0,145100067.0,2
3,Chelsea,38,72,2018-2019,Premier League,1,1.894736842105263,172240000.0,205526950.0,3
4,Tottenham Hotspur,38,71,2018-2019,Premier League,1,1.868421052631579,90525000.0,108019780.0,4
5,Arsenal,38,70,2018-2019,Premier League,1,1.8421052631578947,138490800.0,165255407.0,5
6,Manchester United,38,66,2018-2019,Premier League,1,1.736842105263158,150040800.0,179037553.0,6
7,Wolverhampton Wanderers,38,57,2018-2019,Premier League,1,1.5,40668800.0,48528414.0,7
8,Everton,38,54,2018-2019,Premier League,1,1.4210526315789473,85317000.0,101805287.0,8
9,Leicester City,38,52,2018-2019,Premier League,1,1.368421052631579,78390000.0,93539580.0,9
10,West Ham United,38,52,2018-2019,Premier League,1,1.368421052631579,84233000.0,100511794.0,10
11,Watford,38,50,2018-2019,Premier League,1,1.3157894736842106,49398000.0,58944611.0,11
12,Crystal Palace,38,49,2018-2019,Premier League,1,1.2894736842105263,73739000.0,87989734.0,12
13,Newcastle United,38,45,2018-2019,Premier League,1,1.1842105263157894,46570800.0,55571030.0,13
14,AFC Bournemouth,38,45,2018-2019,Premier League,1,1.1842105263157894,53747000.0,64134098.0,14
15,Burnley,38,40,2018-2019,Premier League,1,1.0526315789473684,43665000.0,52103661.0,15
16,Southampton,38,39,2018-2019,Premier League,1,1.0263157894736843,75998500.0,90685903.0,16
17,Brighton & Hove Albion,38,36,2018-2019,Premier League,1,0.9473684210526315,43497000.0,51903191.0,17
18,Cardiff City,38,34,2018-2019,Premier League,1,0.8947368421052632,32990000.0,39365616.0,18
19,Fulham,38,26,2018-2019,Premier League,1,0.6842105263157895,49959000.0,59614032.0,19
20,Huddersfield Town,38,16,2018-2019,Premier League,1,0.42105263157894735,35130800.0,41920148.0,20
1,Norwich City,46,94,2018-2019,Championship,2,2.0434782608695654,19272800.0,22997443.0,21
2,Sheffield United,46,89,2018-2019,Championship,2,1.934782608695652,11389000.0,13590030.0,22
3,Leeds United,46,83,2018-2019,Championship,2,1.8043478260869565,16232000.0,19368982.0,23
4,West Bromwich Albion,46,80,2018-2019,Championship,2,1.7391304347826086,22871800.0,27291980.0,24
5,Aston Villa,46,76,2018-2019,Championship,2,1.6521739130434783,41094000.0,49035791.0,25
6,Derby County,46,74,2018-2019,Championship,2,1.608695652173913,20823200.0,24847472.0,26
7,Middlesbrough,46,73,2018-2019,Championship,2,1.5869565217391304,23820000.0,28423435.0,27
8,Bristol City,46,70,2018-2019,Championship,2,1.5217391304347827,12112800.0,14453707.0,28
9,Nottingham Forest,46,66,2018-2019,Championship,2,1.434782608695652,22173000.0,26458135.0,29
10,Swansea City,46,65,2018-2019,Championship,2,1.4130434782608696,21580000.0,25750529.0,30
11,Brentford,46,64,2018-2019,Championship,2,1.391304347826087,10900000.0,13006522.0,31
12,Sheffield Wednesday,46,64,2018-2019,Championship,2,1.391304347826087,25407000.0,30317133.0,32
13,Hull City,46,62,2018-2019,Championship,2,1.3478260869565217,14102000.0,16827341.0,33
14,Preston North End,46,61,2018-2019,Championship,2,1.326086956521739,8492400.0,10133634.0,34
15,Blackburn Rovers,46,60,2018-2019,Championship,2,1.3043478260869565,10555600.0,12595568.0,35
16,Stoke City,46,55,2018-2019,Championship,2,1.1956521739130435,34152000.0,40752186.0,36
17,Birmingham City,46,52,2018-2019,Championship,2,1.1304347826086956,11767800.0,14042035.0,37
18,Wigan Athletic,46,52,2018-2019,Championship,2,1.1304347826086956,10578200.0,12622534.0,38
19,Queens Park Rangers,46,51,2018-2019,Championship,2,1.108695652173913,11447400.0,13659714.0,39
20,Reading,46,47,2018-2019,Championship,2,1.0217391304347827,18157800.0,21666960.0,40
21,Millwall,46,44,2018-2019,Championship,2,0.9565217391304348,9984400.0,11913976.0,41
22,Rotherham United,46,40,2018-2019,Championship,2,0.8695652173913043,5143400.0,6137408.0,42
23,Bolton Wanderers,46,32,2018-2019,Championship,2,0.6956521739130435,9932400.0,11851928.0,43
24,Ipswich Town,46,31,2018-2019,Championship,2,0.6739130434782609,11020600.0,13150431.0,44
1,Liverpool,38,99,2019-2020,Premier League,1,2.6052631578947367,115750000.0,136766458.0,1
2,Manchester City,38,81,2019-2020,Premier League,1,2.1315789473684212,156170000.0,184525423.0,2
3,Manchester United,38,66,2019-2020,Premier League,1,1.736842105263158,164400000.0,194249725.0,3
4,Chelsea,38,66,2019-2020,Premier League,1,1.736842105263158,129460000.0,152965749.0,4
5,Leicester City,38,62,2019-2020,Premier League,1,1.631578947368421,68120000.0,80488388.0,5
6,Tottenham Hotspur,38,59,2019-2020,Premier League,1,1.5526315789473684,106380000.0,125695168.0,6
7,Wolverhampton Wanderers,38,59,2019-2020,Premier League,1,1.5526315789473684,50034000.0,59118557.0,7
8,Arsenal,38,56,2019-2020,Premier League,1,1.4736842105263157,118660000.0,140204820.0,8
9,Sheffield United,38,54,2019-2020,Premier League,1,1.4210526315789473,23970000.0,28322177.0,9
10,Burnley,38,54,2019-2020,Premier League,1,1.4210526315789473,44210000.0,52237108.0,10
11,Southampton,38,52,2019-2020,Premier League,1,1.368421052631579,55740000.0,65860583.0,11
12,Everton,38,49,2019-2020,Premier League,1,1.2894736842105263,92870000.0,109732189.0,12
13,Newcastle United,38,44,2019-2020,Premier League,1,1.1578947368421053,65068000.0,76882248.0,13
14,Crystal Palace,38,43,2019-2020,Premier League,1,1.131578947368421,74370000.0,87873189.0,14
15,Brighton & Hove Albion,38,41,2019-2020,Premier League,1,1.0789473684210527,47970000.0,56679801.0,15
16,West Ham United,38,39,2019-2020,Premier League,1,1.0263157894736843,77116000.0,91117773.0,16
17,Aston Villa,38,35,2019-2020,Premier League,1,0.9210526315789473,50920000.0,60165427.0,17
18,AFC Bournemouth,38,34,2019-2020,Premier League,1,0.8947368421052632,45220000.0,53430493.0,18
19,Watford,38,34,2019-2020,Premier League,1,0.8947368421052632,57120000.0,67491147.0,19
20,Norwich City,38,21,2019-2020,Premier League,1,0.5526315789473685,26706000.0,31554947.0,20
1,Leeds United,46,93,2019-2020,Championship,2,2.0217391304347827,20926800.0,24726431.0,21
2,West Bromwich Albion,46,83,2019-2020,Championship,2,1.8043478260869565,23920000.0,28263100.0,22
3,Brentford,46,81,2019-2020,Championship,2,1.7608695652173914,15468000.0,18276487.0,23
4,Fulham,46,81,2019-2020,Championship,2,1.7608695652173914,30670800.0,36239627.0,24
5,Cardiff City,46,73,2019-2020,Championship,2,1.5869565217391304,25040000.0,29586454.0,25
6,Swansea City,46,70,2019-2020,Championship,2,1.5217391304347827,21100000.0,24931076.0,26
7,Nottingham Forest,46,70,2019-2020,Championship,2,1.5217391304347827,23304000.0,27535253.0,27
8,Millwall,46,68,2019-2020,Championship,2,1.4782608695652173,8680000.0,10256005.0,28
9,Preston North End,46,66,2019-2020,Championship,2,1.434782608695652,9698800.0,11459788.0,29
10,Derby County,46,64,2019-2020,Championship,2,1.391304347826087,19790800.0,23384171.0,30
11,Blackburn Rovers,46,63,2019-2020,Championship,2,1.3695652173913044,11428000.0,13502954.0,31
12,Bristol City,46,63,2019-2020,Championship,2,1.3695652173913044,17800000.0,21031905.0,32
13,Queens Park Rangers,46,58,2019-2020,Championship,2,1.2608695652173914,12090000.0,14285156.0,33
14,Reading,46,56,2019-2020,Championship,2,1.2173913043478262,17620000.0,20819221.0,34
15,Stoke City,46,56,2019-2020,Championship,2,1.2173913043478262,35640000.0,42111072.0,35
16,Sheffield Wednesday,46,56,2019-2020,Championship,2,1.2173913043478262,22404000.0,26471843.0,36
17,Middlesbrough,46,53,2019-2020,Championship,2,1.1521739130434783,16550800.0,19555891.0,37
18,Huddersfield Town,46,51,2019-2020,Championship,2,1.108695652173913,20790000.0,24564791.0,38
19,Luton Town,46,51,2019-2020,Championship,2,1.108695652173913,7050800.0,8331003.0,39
20,Birmingham City,46,50,2019-2020,Championship,2,1.0869565217391304,14386400.0,16998507.0,40
21,Barnsley,46,49,2019-2020,Championship,2,1.065217391304348,6470800.0,7645692.0,41
22,Charlton Athletic,46,48,2019-2020,Championship,2,1.0434782608695652,8610000.0,10173300.0,42
23,Wigan Athletic,46,47,2019-2020,Championship,2,1.0217391304347827,10970800.0,12962744.0,43
24,Hull City,46,45,2019-2020,Championship,2,0.9782608695652174,10450000.0,12347383.0,44
1,Manchester City,38,86,2020-2021,Premier League,1,2.263157894736842,143568000.0,165468201.0,1
2,Manchester United,38,74,2020-2021,Premier League,1,1.9473684210526316,192410000.0,221760675.0,2
3,Liverpool,38,69,2020-2021,Premier League,1,1.8157894736842106,131530000.0,151593893.0,3
4,Chelsea,38,67,2020-2021,Premier League,1,1.763157894736842,162912000.0,187762981.0,4
5,Leicester City,38,66,2020-2021,Premier League,1,1.736842105263158,79680000.0,91834572.0,5
6,West Ham United,38,65,2020-2021,Premier League,1,1.7105263157894737,68816000.0,79313352.0,6
7,Tottenham Hotspur,38,62,2020-2021,Premier League,1,1.631578947368421,135786000.0,156499115.0,7
8,Arsenal,38,61,2020-2021,Premier League,1,1.605263157894737,153360000.0,176753893.0,8
9,Leeds United,38,59,2020-2021,Premier League,1,1.5526315789473684,31929400.0,36799986.0,9
10,Everton,38,59,2020-2021,Premier League,1,1.5526315789473684,102633000.0,118288876.0,10
11,Aston Villa,38,55,2020-2021,Premier League,1,1.4473684210526316,64777024.0,74658263.0,11
12,Newcastle United,38,45,2020-2021,Premier League,1,1.1842105263157894,60268000.0,69461421.0,12
13,Wolverhampton Wanderers,38,45,2020-2021,Premier League,1,1.1842105263157894,55820800.0,64335833.0,13
14,Crystal Palace,38,44,2020-2021,Premier League,1,1.1578947368421053,90475000.0,104276266.0,14
15,Southampton,38,43,2020-2021,Premier League,1,1.131578947368421,62854000.0,72441895.0,15
16,Brighton & Hove Albion,38,41,2020-2021,Premier League,1,1.0789473684210527,52696900.0,60735407.0,16
17,Burnley,38,39,2020-2021,Premier League,1,1.0263157894736843,36491000.0,42057423.0,17
18,Fulham,38,28,2020-2021,Premier League,1,0.7368421052631579,55888800.0,64414208.0,18
19,West Bromwich Albion,38,26,2020-2021,Premier League,1,0.6842105263157895,37268200.0,42953179.0,19
20,Sheffield United,38,23,2020-2021,Premier League,1,0.6052631578947368,20707200.0,23865925.0,20
1,Norwich City,46,97,2020-2021,Championship,2,2.108695652173913,27826000.0,32070645.0,21
2,Watford,46,91,2020-2021,Championship,2,1.9782608695652173,38000000.0,43796611.0,22
3,Brentford,46,87,2020-2021,Championship,2,1.891304347826087,15456000.0,17813694.0,23
4,Swansea City,46,80,2020-2021,Championship,2,1.7391304347826086,18224800.0,21004856.0,24
5,Barnsley,46,78,2020-2021,Championship,2,1.6956521739130435,5996000.0,6910647.0,25
6,AFC Bournemouth,46,77,2020-2021,Championship,2,1.673913043478261,40336000.0,46488948.0,26
7,Reading,46,70,2020-2021,Championship,2,1.5217391304347827,12533200.0,14445048.0,27
8,Cardiff City,46,68,2020-2021,Championship,2,1.4782608695652173,21270000.0,24514578.0,28
9,Queens Park Rangers,46,68,2020-2021,Championship,2,1.4782608695652173,13838800.0,15949807.0,29
10,Middlesbrough,46,64,2020-2021,Championship,2,1.391304347826087,19820000.0,22843392.0,30
11,Millwall,46,62,2020-2021,Championship,2,1.3478260869565217,11560000.0,13323391.0,31
12,Luton Town,46,62,2020-2021,Championship,2,1.3478260869565217,6786400.0,7821615.0,32
13,Preston North End,46,61,2020-2021,Championship,2,1.326086956521739,13389600.0,15432083.0,33
14,Stoke City,46,60,2020-2021,Championship,2,1.3043478260869565,31540800.0,36352109.0,34
15,Blackburn Rovers,46,57,2020-2021,Championship,2,1.2391304347826086,11944800.0,13766890.0,35
16,Coventry City,46,55,2020-2021,Championship,2,1.1956521739130435,5102400.0,5880733.0,36
17,Nottingham Forest,46,52,2020-2021,Championship,2,1.1304347826086956,25250000.0,29101700.0,37
18,Birmingham City,46,52,2020-2021,Championship,2,1.1304347826086956,15562800.0,17936786.0,38
19,Bristol City,46,51,2020-2021,Championship,2,1.108695652173913,17740000.0,20446102.0,39
20,Huddersfield Town,46,49,2020-2021,Championship,2,1.065217391304348,13830000.0,15939665.0,40
21,Derby County,46,44,2020-2021,Championship,2,0.9565217391304348,18272000.0,21059254.0,41
22,Wycombe Wanderers,46,43,2020-2021,Championship,2,0.9347826086956522,3811600.0,4393033.0,42
23,Rotherham United,46,42,2020-2021,Championship,2,0.9130434782608695,4776800.0,5505466.0,43
24,Sheffield Wednesday,46,41,2020-2021,Championship,2,0.8913043478260869,19348000.0,22299392.0,44
1,Manchester City,38,93,2021-2022,Premier League,1,2.4473684210526314,168572000.0,180024728.0,1
2,Liverpool,38,92,2021-2022,Premier League,1,2.4210526315789473,155012000.0,165543467.0,2
3,Chelsea,38,74,2021-2022,Premier League,1,1.9473684210526316,187340000.0,200067815.0,3
4,Tottenham Hotspur,38,71,2021-2022,Premier League,1,1.868421052631579,110416000.0,117917628.0,4
5,Arsenal,38,69,2021-2022,Premier League,1,1.8157894736842106,118074000.0,126095909.0,5
6,Manchester United,38,58,2021-2022,Premier League,1,1.5263157894736843,233580000.0,249449352.0,6
7,West Ham United,38,56,2021-2022,Premier League,1,1.4736842105263157,77936000.0,83230945.0,7
8,Leicester City,38,52,2021-2022,Premier League,1,1.368421052631579,81590000.0,87133199.0,8
9,Brighton & Hove Albion,38,51,2021-2022,Premier League,1,1.3421052631578947,49820000.0,53204757.0,9
10,Wolverhampton Wanderers,38,51,2021-2022,Premier League,1,1.3421052631578947,62756000.0,67019621.0,10
11,Newcastle United,38,49,2021-2022,Premier League,1,1.2894736842105263,73672000.0,78677252.0,11
12,Crystal Palace,38,48,2021-2022,Premier League,1,1.263157894736842,71910000.0,76795542.0,12
13,Brentford,38,46,2021-2022,Premier League,1,1.2105263157894737,28606000.0,30549483.0,13
14,Aston Villa,38,45,2021-2022,Premier League,1,1.1842105263157894,85330000.0,91127293.0,14
15,Southampton,38,40,2021-2022,Premier League,1,1.0526315789473684,58656800.0,62641924.0,15
16,Everton,38,39,2021-2022,Premier League,1,1.0263157894736843,107602000.0,114912447.0,16
17,Leeds United,38,38,2021-2022,Premier League,1,1.0,37354000.0,39891819.0,17
18,Burnley,38,35,2021-2022,Premier League,1,0.9210526315789473,40830000.0,43603978.0,18
19,Watford,38,23,2021-2022,Premier League,1,0.6052631578947368,41770000.0,44607843.0,19
20,Norwich City,38,22,2021-2022,Premier League,1,0.5789473684210527,32270000.0,34462415.0,20
1,Fulham,46,90,2021-2022,Championship,2,1.9565217391304348,42218800.0,45087131.0,21
2,AFC Bournemouth,46,88,2021-2022,Championship,2,1.9130434782608696,37562000.0,40113952.0,22
3,Huddersfield Town,46,82,2021-2022,Championship,2,1.7826086956521738,11060000.0,11811411.0,23
4,Nottingham Forest,46,80,2021-2022,Championship,2,1.7391304347826086,22454000.0,23979519.0,24
5,Sheffield United,46,75,2021-2022,Championship,2,1.6304347826086956,23734400.0,25346908.0,25
6,Luton Town,46,75,2021-2022,Championship,2,1.6304347826086956,6170000.0,6589188.0,26
7,Middlesbrough,46,70,2021-2022,Championship,2,1.5217391304347827,17200000.0,18368561.0,27
8,Blackburn Rovers,46,69,2021-2022,Championship,2,1.5,8538800.0,9118921.0,28
9,Millwall,46,69,2021-2022,Championship,2,1.5,12512000.0,13362061.0,29
10,West Bromwich Albion,46,67,2021-2022,Championship,2,1.4565217391304348,23160000.0,24733482.0,30
11,Queens Park Rangers,46,66,2021-2022,Championship,2,1.434782608695652,13152000.0,14045543.0,31
12,Coventry City,46,64,2021-2022,Championship,2,1.391304347826087,5630800.0,6013352.0,32
13,Preston North End,46,64,2021-2022,Championship,2,1.391304347826087,10952400.0,11696500.0,33
14,Stoke City,46,62,2021-2022,Championship,2,1.3478260869565217,24120000.0,25758705.0,34
15,Swansea City,46,61,2021-2022,Championship,2,1.326086956521739,13741600.0,14675200.0,35
16,Blackpool,46,60,2021-2022,Championship,2,1.3043478260869565,5236000.0,5591734.0,36
17,Bristol City,46,55,2021-2022,Championship,2,1.1956521739130435,14150000.0,15111345.0,37
18,Cardiff City,46,53,2021-2022,Championship,2,1.1521739130434783,15080000.0,16104529.0,38
19,Hull City,46,51,2021-2022,Championship,2,1.108695652173913,5970000.0,6375602.0,39
20,Birmingham City,46,47,2021-2022,Championship,2,1.0217391304347827,17000000.0,18154975.0,40
21,Reading,46,41,2021-2022,Championship,2,0.8913043478260869,21061600.0,22492519.0,41
22,Peterborough United,46,37,2021-2022,Championship,2,0.8043478260869565,4740400.0,5062462.0,42
23,Derby County,46,34,2021-2022,Championship,2,0.7391304347826086,9772000.0,10435904.0,43
24,Barnsley,46,30,2021-2022,Championship,2,0.6521739130434783,5196000.0,5549013.0,44
1,Manchester City,38,89,2022-2023,Premier League,1,2.3421052631578947,199160000.0,199160000.0,1
2,Arsenal,38,84,2022-2023,Premier League,1,2.210526315789474,133016000.0,133016000.0,2
3,Manchester United,38,75,2022-2023,Premier League,1,1.9736842105263157,242190000.0,242190000.0,3
4,Newcastle United,38,71,2022-2023,Premier League,1,1.868421052631579,92326000.0,92326000.0,4
5,Liverpool,38,67,2022-2023,Premier League,1,1.763157894736842,170820000.0,170820000.0,5
6,Brighton & Hove Albion,38,62,2022-2023,Premier League,1,1.631578947368421,44876000.0,44876000.0,6
7,Aston Villa,38,61,2022-2023,Premier League,1,1.605263157894737,108830000.0,108830000.0,7
8,Tottenham Hotspur,38,60,2022-2023,Premier League,1,1.5789473684210527,116740000.0,116740000.0,8
9,Brentford,38,59,2022-2023,Premier League,1,1.5526315789473684,38376000.0,38376000.0,9
10,Fulham,38,52,2022-2023,Premier League,1,1.368421052631579,62400000.0,62400000.0,10
11,Crystal Palace,38,45,2022-2023,Premier League,1,1.1842105263157894,70460000.0,70460000.0,11
12,Chelsea,38,44,2022-2023,Premier League,1,1.1578947368421053,226564000.0,226564000.0,12
13,Wolverhampton Wanderers,38,41,2022-2023,Premier League,1,1.0789473684210527,67782000.0,67782000.0,13
14,West Ham United,38,40,2022-2023,Premier League,1,1.0526315789473684,88920000.0,88920000.0,14
15,AFC Bournemouth,38,39,2022-2023,Premier League,1,1.0263157894736843,50804000.0,50804000.0,15
16,Nottingham Forest,38,38,2022-2023,Premier League,1,1.0,76750000.0,76750000.0,16
17,Everton,38,36,2022-2023,Premier League,1,0.9473684210526315,86372000.0,86372000.0,17
18,Leicester City,38,34,2022-2023,Premier League,1,0.8947368421052632,84760000.0,84760000.0,18
19,Leeds United,38,31,2022-2023,Premier League,1,0.8157894736842105,61074000.0,61074000.0,19
20,Southampton,38,25,2022-2023,Premier League,1,0.6578947368421053,62296000.0,62296000.0,20
1,Burnley,46,101,2022-2023,Championship,2,2.1956521739130435,29618000.0,29618000.0,21
2,Sheffield United,46,91,2022-2023,Championship,2,1.9782608695652173,18064800.0,18064800.0,22
3,Luton Town,46,80,2022-2023,Championship,2,1.7391304347826086,9210000.0,9210000.0,23
4,Middlesbrough,46,75,2022-2023,Championship,2,1.6304347826086956,16240000.0,16240000.0,24
5,Coventry City,46,70,2022-2023,Championship,2,1.5217391304347827,8018000.0,8018000.0,25
6,Sunderland,46,69,2022-2023,Championship,2,1.5,11088000.0,11088000.0,26
7,Blackburn Rovers,46,69,2022-2023,Championship,2,1.5,9876000.0,9876000.0,27
8,Millwall,46,68,2022-2023,Championship,2,1.4782608695652173,10540000.0,10540000.0,28
9,West Bromwich Albion,46,66,2022-2023,Championship,2,1.434782608695652,26274000.0,26274000.0,29
10,Swansea City,46,66,2022-2023,Championship,2,1.434782608695652,11590000.0,11590000.0,30
11,Watford,46,63,2022-2023,Championship,2,1.3695652173913044,30876000.0,30876000.0,31
12,Preston North End,46,63,2022-2023,Championship,2,1.3695652173913044,10984000.0,10984000.0,32
13,Norwich City,46,62,2022-2023,Championship,2,1.3478260869565217,26170000.0,26170000.0,33
14,Bristol City,46,59,2022-2023,Championship,2,1.2826086956521738,15008000.0,15008000.0,34
15,Hull City,46,58,2022-2023,Championship,2,1.2608695652173914,17050400.0,17050400.0,35
16,Stoke City,46,53,2022-2023,Championship,2,1.1521739130434783,22288000.0,22288000.0,36
17,Birmingham City,46,53,2022-2023,Championship,2,1.1521739130434783,14254000.0,14254000.0,37
18,Huddersfield Town,46,53,2022-2023,Championship,2,1.1521739130434783,16694000.0,16694000.0,38
19,Rotherham United,46,50,2022-2023,Championship,2,1.0869565217391304,7962800.0,7962800.0,39
20,Queens Park Rangers,46,50,2022-2023,Championship,2,1.0869565217391304,12324000.0,12324000.0,40
21,Cardiff City,46,49,2022-2023,Championship,2,1.065217391304348,14910000.0,14910000.0,41
22,Reading,46,44,2022-2023,Championship,2,0.9565217391304348,13424800.0,13424800.0,42
23,Blackpool,46,44,2022-2023,Championship,2,0.9565217391304348,7300800.0,7300800.0,43
24,Wigan Athletic,46,42,2022-2023,Championship,2,0.9130434782608695,8714000.0,8714000.0,44
1,Manchester City,38,91,2023-2024,Premier League,1,2.3947368421052633,196872000.0,196872000.0,1
2,Arsenal,38,89,2023-2024,Premier League,1,2.3421052631578947,171496000.0,171496000.0,2
3,Liverpool,38,82,2023-2024,Premier League,1,2.1578947368421053,141960000.0,141960000.0,3
4,Aston Villa,38,68,2023-2024,Premier League,1,1.7894736842105263,113510000.0,113510000.0,4
5,Tottenham Hotspur,38,66,2023-2024,Premier League,1,1.736842105263158,133510000.0,133510000.0,5
6,Chelsea,38,63,2023-2024,Premier League,1,1.6578947368421053,157170000.0,157170000.0,6
7,Newcastle United,38,60,2023-2024,Premier League,1,1.5789473684210527,88140000.0,88140000.0,7
8,Manchester United,38,60,2023-2024,Premier League,1,1.5789473684210527,195746000.0,195746000.0,8
9,West Ham United,38,52,2023-2024,Premier League,1,1.368421052631579,104676000.0,104676000.0,9
10,Crystal Palace,38,49,2023-2024,Premier League,1,1.2894736842105263,73580000.0,73580000.0,10
11,Brighton & Hove Albion,38,48,2023-2024,Premier League,1,1.263157894736842,66820000.0,66820000.0,11
12,AFC Bournemouth,38,48,2023-2024,Premier League,1,1.263157894736842,57330000.0,57330000.0,12
13,Fulham,38,47,2023-2024,Premier League,1,1.236842105263158,67990000.0,67990000.0,13
14,Wolverhampton Wanderers,38,46,2023-2024,Premier League,1,1.2105263157894737,62400000.0,62400000.0,14
15,Everton,38,40,2023-2024,Premier League,1,1.0526315789473684,81318000.0,81318000.0,15
16,Brentford,38,39,2023-2024,Premier League,1,1.0263157894736843,46722000.0,46722000.0,16
17,Nottingham Forest,38,32,2023-2024,Premier League,1,0.8421052631578947,73740000.0,73740000.0,17
18,Luton Town,38,26,2023-2024,Premier League,1,0.6842105263157895,26182000.0,26182000.0,18
19,Burnley,38,24,2023-2024,Premier League,1,0.631578947368421,40846000.0,40846000.0,19
20,Sheffield United,38,16,2023-2024,Premier League,1,0.42105263157894735,35360000.0,35360000.0,20
1,Leicester City,46,97,2023-2024,Championship,2,2.108695652173913,59670000.0,59670000.0,21
2,Ipswich Town,46,96,2023-2024,Championship,2,2.0869565217391304,14888000.0,14888000.0,22
3,Leeds United,46,90,2023-2024,Championship,2,1.9565217391304348,42991000.0,42991000.0,23
4,Southampton,46,87,2023-2024,Championship,2,1.891304347826087,43498000.0,43498000.0,24
5,West Bromwich Albion,46,75,2023-2024,Championship,2,1.6304347826086956,25502000.0,25502000.0,25
6,Norwich City,46,73,2023-2024,Championship,2,1.5869565217391304,26530000.0,26530000.0,26
7,Hull City,46,70,2023-2024,Championship,2,1.5217391304347827,20939200.0,20939200.0,27
8,Middlesbrough,46,69,2023-2024,Championship,2,1.5,17074000.0,17074000.0,28
9,Coventry City,46,64,2023-2024,Championship,2,1.391304347826087,10710000.0,10710000.0,29
10,Preston North End,46,63,2023-2024,Championship,2,1.3695652173913044,11500800.0,11500800.0,30
11,Bristol City,46,62,2023-2024,Championship,2,1.3478260869565217,13462000.0,13462000.0,31
12,Cardiff City,46,62,2023-2024,Championship,2,1.3478260869565217,24048000.0,24048000.0,32
13,Millwall,46,59,2023-2024,Championship,2,1.2826086956521738,12466000.0,12466000.0,33
14,Swansea City,46,57,2023-2024,Championship,2,1.2391304347826086,12996000.0,12996000.0,34
15,Watford,46,56,2023-2024,Championship,2,1.2173913043478262,17106000.0,17106000.0,35
16,Sunderland,46,56,2023-2024,Championship,2,1.2173913043478262,10710000.0,10710000.0,36
17,Stoke City,46,56,2023-2024,Championship,2,1.2173913043478262,22318000.0,22318000.0,37
18,Queens Park Rangers,46,56,2023-2024,Championship,2,1.2173913043478262,15106000.0,15106000.0,38
19,Blackburn Rovers,46,53,2023-2024,Championship,2,1.1521739130434783,10504000.0,10504000.0,39
20,Sheffield Wednesday,46,53,2023-2024,Championship,2,1.1521739130434783,17505000.0,17505000.0,40
21,Plymouth Argyle,46,51,2023-2024,Championship,2,1.108695652173913,9102000.0,9102000.0,41
22,Birmingham City,46,50,2023-2024,Championship,2,1.0869565217391304,14918200.0,14918200.0,42
23,Huddersfield Town,46,45,2023-2024,Championship,2,0.9782608695652174,11418000.0,11418000.0,43
24,Rotherham United,46,27,2023-2024,Championship,2,0.5869565217391305,10586000.0,10586000.0,44
1,Liverpool,38,84,2024-2025,Premier League,1,2.210526315789474,148493800.0,148493800.0,1
2,Arsenal,38,74,2024-2025,Premier League,1,1.9473684210526316,169936000.0,169936000.0,2
3,Manchester City,38,71,2024-2025,Premier League,1,1.868421052631579,226293600.0,226293600.0,3
4,Chelsea,38,69,2024-2025,Premier League,1,1.8157894736842106,171355600.0,171355600.0,4
5,Newcastle United,38,66,2024-2025,Premier League,1,1.736842105263158,110411600.0,110411600.0,5
6,Aston Villa,38,66,2024-2025,Premier League,1,1.736842105263158,140381800.0,140381800.0,6
7,Nottingham Forest,38,65,2024-2025,Premier League,1,1.7105263157894737,65962000.0,65962000.0,7
8,Brighton & Hove Albion,38,61,2024-2025,Premier League,1,1.605263157894737,67561000.0,67561000.0,8
9,AFC Bournemouth,38,56,2024-2025,Premier League,1,1.4736842105263157,53898000.0,53898000.0,9
10,Brentford,38,56,2024-2025,Premier League,1,1.4736842105263157,44863000.0,44863000.0,10
11,Fulham,38,54,2024-2025,Premier League,1,1.4210526315789473,71526000.0,71526000.0,11
12,Crystal Palace,38,53,2024-2025,Premier League,1,1.394736842105263,76544000.0,76544000.0,12
13,Everton,38,48,2024-2025,Premier League,1,1.263157894736842,73788000.0,73788000.0,13
14,West Ham United,38,43,2024-2025,Premier League,1,1.131578947368421,103168000.0,103168000.0,14
15,Manchester United,38,42,2024-2025,Premier League,1,1.105263157894737,171223000.0,171223000.0,15
16,Wolverhampton Wanderers,38,42,2024-2025,Premier League,1,1.105263157894737,82420000.0,82420000.0,16
17,Tottenham Hotspur,38,38,2024-2025,Premier League,1,1.0,121121000.0,121121000.0,17
18,Leicester City,38,25,2024-2025,Premier League,1,0.6578947368421053,66690000.0,66690000.0,18
19,Ipswich Town,38,22,2024-2025,Premier League,1,0.5789473684210527,40768000.0,40768000.0,19
20,Southampton,38,12,2024-2025,Premier League,1,0.3157894736842105,54132000.0,54132000.0,20
1,Leeds United,46,100,2024-2025,Championship,2,2.1739130434782608,37570000.0,37570000.0,21
2,Burnley,46,100,2024-2025,Championship,2,2.1739130434782608,34580000.0,34580000.0,22
3,Sheffield United,46,90,2024-2025,Championship,2,1.9565217391304348,29978000.0,29978000.0,23
4,Sunderland,46,76,2024-2025,Championship,2,1.6521739130434783,16030000.0,16030000.0,24
5,Coventry City,46,69,2024-2025,Championship,2,1.5,13104000.0,13104000.0,25
6,Bristol City,46,68,2024-2025,Championship,2,1.4782608695652173,13576000.0,13576000.0,26
7,Blackburn Rovers,46,66,2024-2025,Championship,2,1.434782608695652,17788000.0,17788000.0,27
8,Millwall,46,66,2024-2025,Championship,2,1.434782608695652,15818000.0,15818000.0,28
9,West Bromwich Albion,46,64,2024-2025,Championship,2,1.391304347826087,24668000.0,24668000.0,29
10,Middlesbrough,46,64,2024-2025,Championship,2,1.391304347826087,24978000.0,24978000.0,30
11,Swansea City,46,61,2024-2025,Championship,2,1.326086956521739,15222000.0,15222000.0,31
12,Sheffield Wednesday,46,58,2024-2025,Championship,2,1.2608695652173914,17032000.0,17032000.0,32
13,Norwich City,46,57,2024-2025,Championship,2,1.2391304347826086,25558000.0,25558000.0,33
14,Watford,46,57,2024-2025,Championship,2,1.2391304347826086,20282000.0,20282000.0,34
15,Queens Park Rangers,46,56,2024-2025,Championship,2,1.2173913043478262,12558400.0,12558400.0,35
16,Portsmouth,46,54,2024-2025,Championship,2,1.173913043478261,10059000.0,10059000.0,36
17,Oxford United,46,53,2024-2025,Championship,2,1.1521739130434783,13500000.0,13500000.0,37
18,Stoke City,46,51,2024-2025,Championship,2,1.108695652173913,17069000.0,17069000.0,38
19,Derby County,46,50,2024-2025,Championship,2,1.0869565217391304,13254400.0,13254400.0,39
20,Preston North End,46,50,2024-2025,Championship,2,1.0869565217391304,14354800.0,14354800.0,40
21,Hull City,46,49,2024-2025,Championship,2,1.065217391304348,23694400.0,23694400.0,41
22,Luton Town,46,49,2024-2025,Championship,2,1.065217391304348,27716000.0,27716000.0,42
23,Plymouth Argyle,46,46,2024-2025,Championship,2,1.0,12313600.0,12313600.0,43
24,Cardiff City,46,44,2024-2025,Championship,2,0.9565217391304348,23506000.0,23506000.0,44
