Club,Abbreviation,Gross_PW_GBP,Gross_PY_GBP,Adj_Gross_GBP,Keeper_GBP,Defense_GBP,Midfield_GBP,Forward_GBP,Season,League
QPR,QPR,785981.0,40871000.0,52771625.0,312000.0,11528000.0,10792000.0,18239000.0,2013-2014,Championship
Nottingham Forest,NTG,385654.0,20054000.0,25893228.0,811000.0,6681000.0,6755000.0,5807000.0,2013-2014,Championship
Reading,RDG,353077.0,18360000.0,23705974.0,1079000.0,6783400.0,4171800.0,6325800.0,2013-2014,Championship
Wigan,WIG,338404.0,17597000.0,22720810.0,2387000.0,6219000.0,5039000.0,3952000.0,2013-2014,Championship
Blackburn,BBR,335146.0,17427600.0,22502084.0,806000.0,3296800.0,6128000.0,7196800.0,2013-2014,Championship
Leicester,LEI,330900.0,17206800.0,22216993.0,1238000.0,5854800.0,4914000.0,5200000.0,2013-2014,Championship
Bolton,BOL,313342.0,16293800.0,21038152.0,910000.0,4970800.0,7345000.0,3068000.0,2013-2014,Championship
Leeds,LEE,220842.0,11483800.0,14827599.0,1076000.0,4004000.0,2408000.0,3995800.0,2013-2014,Championship
Middlesbrough,MID,219096.0,11393000.0,14710360.0,292000.0,4009400.0,3773600.0,3318000.0,2013-2014,Championship
Watford,WAT,217985.0,11335200.0,14635729.0,884000.0,3486400.0,5368000.0,1596800.0,2013-2014,Championship
Millwall,MLW,188800.0,9817600.0,12676244.0,390000.0,2444000.0,3062800.0,3920800.0,2013-2014,Championship
Derby County,DRB,175427.0,9122200.0,11778356.0,685000.0,4032800.0,1788800.0,2615600.0,2013-2014,Championship
Sheffield Wednesday,SHW,162108.0,8429600.0,10884093.0,676000.0,2470000.0,1755000.0,3528600.0,2013-2014,Championship
Birmingham,BIR,161981.0,8423000.0,10875568.0,540800.0,1669800.0,2291600.0,3920800.0,2013-2014,Championship
Brighton,BHA,159515.0,8294800.0,10710041.0,644800.0,2382000.0,2974000.0,2294000.0,2013-2014,Championship
Barnsley,BRS,146435.0,7614600.0,9831784.0,733000.0,2194800.0,2210000.0,2476800.0,2013-2014,Championship
Charlton,CHA,142500.0,7410000.0,9567611.0,333000.0,2278000.0,1986000.0,2813000.0,2013-2014,Championship
Ipswich Town,IPS,138654.0,7210000.0,9309374.0,540800.0,2308800.0,2311400.0,2049000.0,2013-2014,Championship
Huddersfield,HDD,135035.0,7021800.0,9066377.0,452000.0,2181000.0,1554800.0,2834000.0,2013-2014,Championship
Blackpool,BLK,130096.0,6765000.0,8734801.0,437000.0,1970800.0,1502400.0,2854800.0,2013-2014,Championship
Burnley,RNL,128196.0,6666200.0,8607232.0,447000.0,1944800.0,1783600.0,2490800.0,2013-2014,Championship
Bournemouth,BOU,106542.0,5540200.0,7153367.0,644800.0,1638000.0,1733800.0,1523600.0,2013-2014,Championship
Doncaster,DON,106388.0,5532200.0,7143039.0,260000.0,1793800.0,1299600.0,2178800.0,2013-2014,Championship
Yeovil,YEO,65515.0,3406800.0,4398778.0,208000.0,1258800.0,760000.0,1180000.0,2013-2014,Championship
Cardiff,CDF,424365.0,22067000.0,28387882.0,2621000.0,6186000.0,4394000.0,8866000.0,2014-2015,Championship
Norwich,NOR,402358.0,20922600.0,26915677.0,2262000.0,9193800.0,4627800.0,4839000.0,2014-2015,Championship
Nottingham Forest,NTG,370892.0,19286400.0,24810805.0,1258000.0,7826000.0,4934800.0,5267600.0,2014-2015,Championship
Derby County,DRB,362823.0,18866800.0,24271017.0,567000.0,5609000.0,3232000.0,9458800.0,2014-2015,Championship
Brighton,BHA,347492.0,18069600.0,23245467.0,2392000.0,3455000.0,4417600.0,7805000.0,2014-2015,Championship
Reading,RDG,325985.0,16951200.0,21806713.0,871000.0,5516400.0,4926800.0,5637000.0,2014-2015,Championship
Fulham,FUL,317069.0,16487600.0,21210317.0,592800.0,5600000.0,6286800.0,4008000.0,2014-2015,Championship
Blackburn,BBR,303588.0,15786600.0,20308520.0,780000.0,4528800.0,4326000.0,6151800.0,2014-2015,Championship
Watford,WAT,292877.0,15229600.0,19591974.0,832000.0,6872800.0,4364800.0,3160000.0,2014-2015,Championship
Wigan,WIG,292296.0,15199400.0,19553124.0,2158000.0,5382000.0,3765000.0,3894400.0,2014-2015,Championship
Bolton,BOL,280492.0,14585600.0,18763504.0,998000.0,4440800.0,5149800.0,3997000.0,2014-2015,Championship
Middlesbrough,MID,261850.0,13616200.0,17516434.0,449000.0,7306800.0,2635800.0,3224600.0,2014-2015,Championship
Wolverhampton,WLV,229250.0,11921000.0,15335659.0,1170000.0,2964000.0,1937000.0,5850000.0,2014-2015,Championship
Leeds,LEE,201669.0,10486800.0,13490647.0,504000.0,3793000.0,3008800.0,3181000.0,2014-2015,Championship
Bournemouth,BOU,200104.0,10405400.0,13385928.0,2210000.0,2106000.0,2069800.0,4019600.0,2014-2015,Championship
Sheffield Wednesday,SHW,184700.0,9604400.0,12355490.0,1393600.0,2711800.0,3081000.0,2418000.0,2014-2015,Championship
Huddersfield,HDD,178104.0,9261400.0,11914238.0,629000.0,3146400.0,1794000.0,3692000.0,2014-2015,Championship
Ipswich Town,IPS,169004.0,8788200.0,11305496.0,748800.0,2043600.0,2667800.0,3328000.0,2014-2015,Championship
Millwall,MLW,158096.0,8221000.0,10575826.0,748800.0,3452800.0,2854800.0,1164600.0,2014-2015,Championship
Rotherham,ROT,154204.0,8018600.0,10315455.0,488800.0,2439000.0,1170000.0,3920800.0,2014-2015,Championship
Charlton,CHA,137188.0,7133800.0,9177207.0,686000.0,2116800.0,2832000.0,1499000.0,2014-2015,Championship
Birmingham,BIR,133900.0,6962800.0,8957231.0,571800.0,2564000.0,2496000.0,1331000.0,2014-2015,Championship
Brentford,BTD,101265.0,5265800.0,6774142.0,364000.0,1716000.0,1918800.0,1267000.0,2014-2015,Championship
Blackpool,BLK,100931.0,5248400.0,6751759.0,457600.0,1290600.0,1617600.0,1882600.0,2014-2015,Championship
Middlesbrough,MID,455423.0,23682000.0,30161335.0,1276000.0,7681000.0,6416000.0,8309000.0,2015-2016,Championship
Fulham,FUL,420346.0,21858000.0,27838291.0,1664000.0,7273000.0,10285000.0,2636000.0,2015-2016,Championship
Cardiff,CDF,387865.0,20169000.0,25687188.0,2730000.0,4752000.0,4847000.0,7840000.0,2015-2016,Championship
Derby County,DRB,372396.0,19364600.0,24662710.0,1455000.0,6516000.0,5579800.0,5813800.0,2015-2016,Championship
QPR,QPR,338627.0,17608600.0,22426268.0,743600.0,8096000.0,4005000.0,4764000.0,2015-2016,Championship
Sheffield Wednesday,SHW,327919.0,17051800.0,21717127.0,1498000.0,5121000.0,4367000.0,6065800.0,2015-2016,Championship
Hull City,HUL,316304.0,16447800.0,20947877.0,1175000.0,5886800.0,5044000.0,4342000.0,2015-2016,Championship
Nottingham Forest,NTG,312835.0,16267400.0,20718124.0,498800.0,5517800.0,5439000.0,4811800.0,2015-2016,Championship
Blackburn,BBR,310996.0,16171800.0,20596366.0,806000.0,4216800.0,5122000.0,6027000.0,2015-2016,Championship
Brighton,BHA,308538.0,16044000.0,20433596.0,1612000.0,3229000.0,5382000.0,5821000.0,2015-2016,Championship
Reading,RDG,301081.0,15656200.0,19939697.0,1175000.0,4606800.0,2001600.0,7872800.0,2015-2016,Championship
Burnley,RNL,300115.0,15606000.0,19875763.0,1482000.0,4446000.0,3958000.0,5720000.0,2015-2016,Championship
Wolverhampton,WLV,297919.0,15491800.0,19730319.0,1534000.0,5780000.0,3247000.0,4930800.0,2015-2016,Championship
Charlton,CHA,217365.0,11303000.0,14395473.0,494000.0,5123000.0,2673000.0,3013000.0,2015-2016,Championship
Huddersfield,HDD,204265.0,10621800.0,13527898.0,1482000.0,2621000.0,2022800.0,4496000.0,2015-2016,Championship
Bolton,BOL,196258.0,10205400.0,12997570.0,676000.0,2542800.0,3341000.0,3645600.0,2015-2016,Championship
Leeds,LEE,194823.0,10130800.0,12902559.0,635000.0,1862000.0,4076800.0,3557000.0,2015-2016,Championship
Bristol,BRI,187638.0,9757200.0,12426747.0,670800.0,4778800.0,1769600.0,2538000.0,2015-2016,Championship
Birmingham,BIR,164877.0,8573600.0,10919314.0,592800.0,2668000.0,2444800.0,2868000.0,2015-2016,Championship
Ipswich Town,IPS,163896.0,8522600.0,10854363.0,637000.0,1965000.0,2748600.0,3172000.0,2015-2016,Championship
Preston,PRE,163554.0,8504800.0,10831689.0,3315000.0,1463800.0,1737000.0,1989000.0,2015-2016,Championship
Brentford,BTD,153073.0,7959800.0,10137581.0,338000.0,2613000.0,2542800.0,2466000.0,2015-2016,Championship
Rotherham,ROT,138700.0,7212400.0,9185692.0,406000.0,2838800.0,2236000.0,1731600.0,2015-2016,Championship
Milton Keynes,MKY,116288.0,6047000.0,7701444.0,280800.0,2136400.0,1887800.0,1742000.0,2015-2016,Championship
Newcastle,NEW,716000.0,37232000.0,46235974.0,3900000.0,10868000.0,10660000.0,11804000.0,2016-2017,Championship
Aston Villa,AVA,662096.0,34429000.0,42755113.0,2262000.0,13426000.0,11570000.0,7171000.0,2016-2017,Championship
Sheffield Wednesday,SHW,534242.0,27780600.0,34498905.0,1732000.0,4794000.0,9094800.0,12159800.0,2016-2017,Championship
Norwich,NOR,485958.0,25269800.0,31380907.0,2496000.0,8087000.0,6136000.0,8550800.0,2016-2017,Championship
Derby County,DRB,415750.0,21619000.0,26847218.0,1118000.0,4545000.0,7121000.0,8835000.0,2016-2017,Championship
Nottingham Forest,NTG,402669.0,20938800.0,26002523.0,863000.0,5454000.0,6538800.0,8083000.0,2016-2017,Championship
Reading,RDG,367481.0,19109000.0,23730214.0,1375000.0,7168000.0,4361000.0,6205000.0,2016-2017,Championship
Wolverhampton,WLV,358862.0,18660800.0,23173624.0,1240000.0,7238000.0,3507800.0,6675000.0,2016-2017,Championship
QPR,QPR,321788.0,16733000.0,20779614.0,962000.0,7150000.0,5475000.0,3146000.0,2016-2017,Championship
Fulham,FUL,293492.0,15261600.0,18952379.0,728000.0,5641000.0,5352600.0,3540000.0,2016-2017,Championship
Brighton,BHA,286315.0,14888400.0,18488927.0,1664000.0,4935600.0,3504800.0,4784000.0,2016-2017,Championship
Cardiff,CDF,276054.0,14354800.0,17826283.0,1482000.0,3565000.0,3848000.0,5459800.0,2016-2017,Championship
Blackburn,BBR,263908.0,13723200.0,17041941.0,592800.0,4950600.0,3972800.0,4207000.0,2016-2017,Championship
Bristol,BRI,256588.0,13342600.0,16569300.0,1294000.0,3863800.0,3224000.0,4960800.0,2016-2017,Championship
Wigan,WIG,209688.0,10903800.0,13540711.0,977600.0,3244800.0,2968800.0,3712600.0,2016-2017,Championship
Leeds,LEE,205365.0,10679000.0,13261548.0,624000.0,2656000.0,3526000.0,3873000.0,2016-2017,Championship
Ipswich Town,IPS,203196.0,10566200.0,13121468.0,754000.0,2490800.0,3530600.0,3790800.0,2016-2017,Championship
Preston,PRE,183015.0,9516800.0,11818287.0,540800.0,3198000.0,1898000.0,3880000.0,2016-2017,Championship
Huddersfield,HDD,180212.0,9371000.0,11637229.0,1154000.0,1960000.0,3393000.0,2864000.0,2016-2017,Championship
Brentford,BTD,175531.0,9127600.0,11334970.0,488800.0,2662800.0,2522000.0,3454000.0,2016-2017,Championship
Birmingham,BIR,165358.0,8598600.0,10678036.0,592800.0,1544800.0,2987000.0,3474000.0,2016-2017,Championship
Barnsley,BRS,155681.0,8095400.0,10053147.0,322000.0,1278600.0,3910800.0,2584000.0,2016-2017,Championship
Rotherham,ROT,147400.0,7664800.0,9518410.0,847600.0,2615600.0,2600000.0,1601600.0,2016-2017,Championship
Burton,BUR,89785.0,4668800.0,5797876.0,161000.0,1123000.0,1242800.0,2142000.0,2016-2017,Championship
Aston Villa,AVA,787915.0,40971600.0,49739491.0,2262000.0,15210800.0,12526800.0,10972000.0,2017-2018,Championship
Middlesbrough,MID,581073.0,30215800.0,36681960.0,1719800.0,7670000.0,9646000.0,11180000.0,2017-2018,Championship
Derby County,DRB,493492.0,25661600.0,31153162.0,1232000.0,6520800.0,9094800.0,8814000.0,2017-2018,Championship
Sheffield Wednesday,SHW,471385.0,24512000.0,29757550.0,1872000.0,5283000.0,7932000.0,9425000.0,2017-2018,Championship
Sunderland,SUN,465800.0,24221600.0,29405003.0,1196000.0,8205600.0,9646000.0,5174000.0,2017-2018,Championship
Wolverhampton,WLV,450385.0,23420000.0,28431864.0,2280000.0,7635000.0,4758000.0,8747000.0,2017-2018,Championship
Norwich,NOR,408269.0,21230000.0,25773201.0,1092000.0,5793000.0,7221000.0,7124000.0,2017-2018,Championship
Nottingham Forest,NTG,394173.0,20497000.0,24883344.0,1898000.0,5711000.0,6539000.0,6349000.0,2017-2018,Championship
Reading,RDG,362588.0,18854600.0,22889469.0,1222000.0,6837800.0,5517000.0,5277800.0,2017-2018,Championship
Hull City,HUL,354492.0,18433600.0,22378378.0,1533800.0,5169800.0,5901000.0,5829000.0,2017-2018,Championship
Leeds,LEE,330262.0,17173600.0,20848739.0,962000.0,4878000.0,6841000.0,4492600.0,2017-2018,Championship
Fulham,FUL,327015.0,17004800.0,20643816.0,1009000.0,4311000.0,4378800.0,7306000.0,2017-2018,Championship
Birmingham,BIR,322850.0,16788200.0,20380864.0,1482000.0,5628600.0,3213600.0,6464000.0,2017-2018,Championship
Cardiff,CDF,304896.0,15854600.0,19247475.0,780000.0,3608800.0,3926000.0,7539800.0,2017-2018,Championship
QPR,QPR,224669.0,11682800.0,14182914.0,1014000.0,4570800.0,3230000.0,2868000.0,2017-2018,Championship
Bristol,BRI,213592.0,11106800.0,13483651.0,668000.0,2968000.0,3193000.0,4277800.0,2017-2018,Championship
Sheffield United,SHU,203950.0,10605400.0,12874952.0,959000.0,4295600.0,2516800.0,2834000.0,2017-2018,Championship
Ipswich Town,IPS,202892.0,10550400.0,12808183.0,871000.0,3036800.0,4079000.0,2563600.0,2017-2018,Championship
Bolton,BOL,195700.0,10176400.0,12354147.0,304000.0,4128800.0,1895600.0,3848000.0,2017-2018,Championship
Brentford,BTD,195500.0,10166000.0,12341523.0,676000.0,3406000.0,3094000.0,2990000.0,2017-2018,Championship
Millwall,MLW,125931.0,6548400.0,7949755.0,306800.0,2474800.0,2964000.0,802800.0,2017-2018,Championship
Burton,BUR,125685.0,6535600.0,7934216.0,176800.0,1096800.0,2090000.0,3172000.0,2017-2018,Championship
Barnsley,BRS,117712.0,6121000.0,7430893.0,276000.0,1950000.0,1727000.0,2168000.0,2017-2018,Championship
Preston,PRE,106500.0,5538000.0,6723132.0,598000.0,1664000.0,1820000.0,1456000.0,2017-2018,Championship
Aston Villa,AVA,790269.0,41094000.0,49035791.0,3573000.0,14846000.0,13863000.0,8812000.0,2018-2019,Championship
Stoke City,STK,656769.0,34152000.0,40752186.0,2808000.0,8789000.0,10589000.0,11966000.0,2018-2019,Championship
Sheffield Wednesday,SHW,488596.0,25407000.0,30317133.0,1872000.0,6044000.0,8117000.0,9374000.0,2018-2019,Championship
Middlesbrough,MID,458077.0,23820000.0,28423435.0,1846000.0,5767400.0,9640800.0,6565800.0,2018-2019,Championship
West Bromwich,WBA,439842.0,22871800.0,27291980.0,2704000.0,6526000.0,6120000.0,7521800.0,2018-2019,Championship
Nottingham Forest,NTG,426404.0,22173000.0,26458135.0,1697000.0,8036000.0,6163000.0,6277000.0,2018-2019,Championship
Swansea,SWA,415000.0,21580000.0,25750529.0,2158000.0,5304000.0,6058000.0,8060000.0,2018-2019,Championship
Derby County,DRB,400446.0,20823200.0,24847472.0,1191000.0,7047800.0,7035600.0,5548800.0,2018-2019,Championship
Norwich,NOR,370631.0,19272800.0,22997443.0,1736800.0,7583000.0,5845000.0,4108000.0,2018-2019,Championship
Reading,RDG,349188.0,18157800.0,21666960.0,2028000.0,6381000.0,4290800.0,5458000.0,2018-2019,Championship
Leeds,LEE,312154.0,16232000.0,19368982.0,2261800.0,3645800.0,4822800.0,5501600.0,2018-2019,Championship
Hull City,HUL,271192.0,14102000.0,16827341.0,1118000.0,4065000.0,3235000.0,5684000.0,2018-2019,Championship
Bristol,BRI,232938.0,12112800.0,14453707.0,749000.0,4570000.0,3419000.0,3374800.0,2018-2019,Championship
Birmingham,BIR,226304.0,11767800.0,14042035.0,1762800.0,3250000.0,2314000.0,4441000.0,2018-2019,Championship
QPR,QPR,220142.0,11447400.0,13659714.0,447000.0,3394000.0,4034400.0,3572000.0,2018-2019,Championship
Sheffield United,SHU,219019.0,11389000.0,13590030.0,817000.0,3266000.0,3588000.0,3718000.0,2018-2019,Championship
Ipswich Town,IPS,211935.0,11020600.0,13150431.0,835000.0,3931800.0,3688000.0,2565800.0,2018-2019,Championship
Brentford,BTD,209615.0,10900000.0,13006522.0,1066000.0,2901000.0,4047000.0,2886000.0,2018-2019,Championship
Wigan,WIG,203427.0,10578200.0,12622534.0,572000.0,2712800.0,2992800.0,4300600.0,2018-2019,Championship
Blackburn,BBR,202992.0,10555600.0,12595568.0,364000.0,2084800.0,5210000.0,2896800.0,2018-2019,Championship
Millwall,MLW,192008.0,9984400.0,11913976.0,1056000.0,3270800.0,3400800.0,2256800.0,2018-2019,Championship
Bolton,BOL,191008.0,9932400.0,11851928.0,1110000.0,3265800.0,2857800.0,2698800.0,2018-2019,Championship
Preston,PRE,163315.0,8492400.0,10133634.0,731000.0,2212800.0,2389800.0,3158800.0,2018-2019,Championship
Rotherham,ROT,98912.0,5143400.0,6137408.0,317000.0,1929800.0,2299000.0,597600.0,2018-2019,Championship
Stoke City,STK,685385.0,35640000.0,42111072.0,3120000.0,11490000.0,9670000.0,11360000.0,2019-2020,Championship
Fulham,FUL,589823.0,30670800.0,36239627.0,2310000.0,9602800.0,5698000.0,13060000.0,2019-2020,Championship
Cardiff,CDF,481538.0,25040000.0,29586454.0,3330000.0,7510000.0,5150000.0,9050000.0,2019-2020,Championship
West Bromwich,WBA,460000.0,23920000.0,28263100.0,2110000.0,7430000.0,3940000.0,10440000.0,2019-2020,Championship
Nottingham Forest,NTG,448154.0,23304000.0,27535253.0,2100000.0,9780000.0,4460000.0,6964000.0,2019-2020,Championship
Sheffield Wednesday,SHW,430846.0,22404000.0,26471843.0,2390000.0,4154000.0,6060000.0,9800000.0,2019-2020,Championship
Swansea,SWA,405769.0,21100000.0,24931076.0,2080000.0,4390000.0,3610000.0,11020000.0,2019-2020,Championship
Leeds,LEE,402438.0,20926800.0,24726431.0,2256800.0,4400000.0,4670000.0,9600000.0,2019-2020,Championship
Huddersfield,HDD,399808.0,20790000.0,24564791.0,2010000.0,8060000.0,3390000.0,7330000.0,2019-2020,Championship
Derby County,DRB,380592.0,19790800.0,23384171.0,780000.0,7380800.0,4010000.0,7620000.0,2019-2020,Championship
Bristol,BRI,342308.0,17800000.0,21031905.0,930000.0,6450000.0,3480000.0,6940000.0,2019-2020,Championship
Reading,RDG,338846.0,17620000.0,20819221.0,1460000.0,6390000.0,3940000.0,5830000.0,2019-2020,Championship
Middlesbrough,MID,318285.0,16550800.0,19555891.0,1450800.0,4230000.0,4520000.0,6350000.0,2019-2020,Championship
Brentford,BTD,297462.0,15468000.0,18276487.0,1380000.0,4750000.0,3328000.0,6010000.0,2019-2020,Championship
Birmingham,BIR,276662.0,14386400.0,16998507.0,1291600.0,3650800.0,4054000.0,5390000.0,2019-2020,Championship
QPR,QPR,232500.0,12090000.0,14285156.0,850000.0,3960000.0,2280000.0,5000000.0,2019-2020,Championship
Blackburn,BBR,219769.0,11428000.0,13502954.0,520000.0,3640000.0,3328000.0,3940000.0,2019-2020,Championship
Wigan,WIG,210977.0,10970800.0,12962744.0,580000.0,4220000.0,1650000.0,4520800.0,2019-2020,Championship
Hull City,HUL,200962.0,10450000.0,12347383.0,450000.0,3040000.0,2260000.0,4700000.0,2019-2020,Championship
Preston,PRE,186515.0,9698800.0,11459788.0,740000.0,2320800.0,2318000.0,4320000.0,2019-2020,Championship
Millwall,MLW,166923.0,8680000.0,10256005.0,740000.0,2230000.0,2440000.0,3270000.0,2019-2020,Championship
Charlton,CHA,165577.0,8610000.0,10173300.0,290000.0,1840000.0,3630000.0,2850000.0,2019-2020,Championship
Luton Town,LUT,135592.0,7050800.0,8331003.0,660000.0,2450000.0,1950000.0,1990800.0,2019-2020,Championship
Barnsley,BRS,124438.0,6470800.0,7645692.0,710000.0,2120800.0,1250000.0,2390000.0,2019-2020,Championship
Bournemouth,BOU,775692.0,40336000.0,46488948.0,4004000.0,11984000.0,11546000.0,12802000.0,2020-2021,Championship
Watford,WAT,730769.0,38000000.0,43796611.0,2610000.0,8690000.0,11360000.0,15340000.0,2020-2021,Championship
Stoke City,STK,606554.0,31540800.0,36352109.0,2470000.0,10540800.0,10060000.0,8470000.0,2020-2021,Championship
Norwich,NOR,535115.0,27826000.0,32070645.0,2816000.0,8150000.0,8790000.0,8070000.0,2020-2021,Championship
Nottingham Forest,NTG,485577.0,25250000.0,29101700.0,830000.0,8380000.0,4610000.0,11430000.0,2020-2021,Championship
Cardiff,CDF,409038.0,21270000.0,24514578.0,2080000.0,6370000.0,4000000.0,8820000.0,2020-2021,Championship
Middlesbrough,MID,381154.0,19820000.0,22843392.0,2010000.0,1980000.0,5030000.0,10800000.0,2020-2021,Championship
Sheffield Wednesday,SHW,372077.0,19348000.0,22299392.0,2250800.0,6104800.0,5521600.0,5470800.0,2020-2021,Championship
Derby County,DRB,351385.0,18272000.0,21059254.0,740000.0,5802000.0,2370000.0,9360000.0,2020-2021,Championship
Swansea,SWA,350477.0,18224800.0,21004856.0,831600.0,4901600.0,5310800.0,7180800.0,2020-2021,Championship
Bristol,BRI,341154.0,17740000.0,20446102.0,810000.0,6410000.0,4380000.0,6140000.0,2020-2021,Championship
Birmingham,BIR,299285.0,15562800.0,17936786.0,1752000.0,3820800.0,5040000.0,4950000.0,2020-2021,Championship
Brentford,BTD,297231.0,15456000.0,17813694.0,2000000.0,5726000.0,3540000.0,4190000.0,2020-2021,Championship
QPR,QPR,266131.0,13838800.0,15949807.0,790000.0,3212000.0,2996000.0,6840800.0,2020-2021,Championship
Huddersfield,HDD,265962.0,13830000.0,15939665.0,810000.0,4750000.0,2540000.0,5730000.0,2020-2021,Championship
Preston,PRE,257492.0,13389600.0,15432083.0,1000000.0,3770000.0,3018800.0,5600800.0,2020-2021,Championship
Reading,RDG,241023.0,12533200.0,14445048.0,1420800.0,3411600.0,1990800.0,5710000.0,2020-2021,Championship
Blackburn,BBR,229708.0,11944800.0,13766890.0,1010800.0,3976000.0,2988000.0,3970000.0,2020-2021,Championship
Millwall,MLW,222308.0,11560000.0,13323391.0,800000.0,2650000.0,3070000.0,5040000.0,2020-2021,Championship
Luton Town,LUT,130508.0,6786400.0,7821615.0,511600.0,1721600.0,1590800.0,2962400.0,2020-2021,Championship
Barnsley,BRS,115308.0,5996000.0,6910647.0,440000.0,2006000.0,1100000.0,2450000.0,2020-2021,Championship
Coventry,COV,98123.0,5102400.0,5880733.0,300000.0,1161600.0,1770000.0,1870800.0,2020-2021,Championship
Rotherham,ROT,91862.0,4776800.0,5505466.0,480000.0,1680800.0,1140000.0,1476000.0,2020-2021,Championship
Wycombe,WYC,73300.0,3811600.0,4393033.0,250800.0,1230800.0,1320000.0,1010000.0,2020-2021,Championship
Fulham,FUL,811900.0,42218800.0,45087131.0,3380000.0,15582800.0,8816000.0,14440000.0,2021-2022,Championship
Bournemouth,BOU,722346.0,37562000.0,40113952.0,1924000.0,15782000.0,9156000.0,10700000.0,2021-2022,Championship
Stoke City,STK,463846.0,24120000.0,25758705.0,1620000.0,7500000.0,7270000.0,7730000.0,2021-2022,Championship
Sheffield United,SHU,456431.0,23734400.0,25346908.0,2760000.0,6806800.0,6020000.0,8147600.0,2021-2022,Championship
West Bromwich,WBA,445385.0,23160000.0,24733482.0,2360000.0,6030000.0,6560000.0,8210000.0,2021-2022,Championship
Nottingham Forest,NTG,431808.0,22454000.0,23979519.0,1410000.0,7274000.0,4450000.0,9320000.0,2021-2022,Championship
Reading,RDG,405031.0,21061600.0,22492519.0,1100800.0,7580000.0,7860800.0,4520000.0,2021-2022,Championship
Middlesbrough,MID,330769.0,17200000.0,18368561.0,1380000.0,4350000.0,4040000.0,7430000.0,2021-2022,Championship
Birmingham,BIR,326923.0,17000000.0,18154975.0,1560000.0,3600000.0,3400000.0,8440000.0,2021-2022,Championship
Cardiff,CDF,290000.0,15080000.0,16104529.0,1870000.0,3180000.0,5530000.0,4500000.0,2021-2022,Championship
Bristol,BRI,272115.0,14150000.0,15111345.0,780000.0,5350000.0,3450000.0,4570000.0,2021-2022,Championship
Swansea,SWA,264262.0,13741600.0,14675200.0,1120000.0,5190800.0,4110800.0,3320000.0,2021-2022,Championship
QPR,QPR,252923.0,13152000.0,14045543.0,710000.0,4082000.0,4720000.0,3640000.0,2021-2022,Championship
Millwall,MLW,240615.0,12512000.0,13362061.0,650000.0,3002000.0,2180000.0,6680000.0,2021-2022,Championship
Huddersfield,HDD,212692.0,11060000.0,11811411.0,770000.0,3200000.0,2250000.0,4840000.0,2021-2022,Championship
Preston,PRE,210623.0,10952400.0,11696500.0,990000.0,3890000.0,1750800.0,4321600.0,2021-2022,Championship
Derby County,DRB,187923.0,9772000.0,10435904.0,1160000.0,3022000.0,1910000.0,3680000.0,2021-2022,Championship
Blackburn,BBR,164208.0,8538800.0,9118921.0,1010800.0,3460000.0,1348000.0,2720000.0,2021-2022,Championship
Luton Town,LUT,118654.0,6170000.0,6589188.0,950000.0,2050000.0,1570000.0,1600000.0,2021-2022,Championship
Hull City,HUL,114808.0,5970000.0,6375602.0,510000.0,1550000.0,2010000.0,1900000.0,2021-2022,Championship
Coventry,COV,108285.0,5630800.0,6013352.0,240000.0,2260000.0,1060000.0,2070800.0,2021-2022,Championship
Blackpool,BLK,100692.0,5236000.0,5591734.0,450000.0,1450000.0,1750000.0,1586000.0,2021-2022,Championship
Barnsley,BRS,99923.0,5196000.0,5549013.0,470000.0,1766000.0,1710000.0,1250000.0,2021-2022,Championship
Peterborough,PET,91162.0,4740400.0,5062462.0,170800.0,1400800.0,1600000.0,1568800.0,2021-2022,Championship
Watford,WAT,593769.0,30876000.0,30876000.0,620000.0,9070000.0,9246000.0,11940000.0,2022-2023,Championship
Burnley,RNL,569577.0,29618000.0,29618000.0,2540000.0,9188000.0,7620000.0,10270000.0,2022-2023,Championship
West Bromwich,WBA,505269.0,26274000.0,26274000.0,800000.0,5560000.0,11220000.0,8694000.0,2022-2023,Championship
Norwich,NOR,503269.0,26170000.0,26170000.0,3636000.0,8300000.0,6170000.0,8064000.0,2022-2023,Championship
Stoke City,STK,428615.0,22288000.0,22288000.0,1602000.0,10630000.0,5186000.0,4870000.0,2022-2023,Championship
Sheffield United,SHU,347400.0,18064800.0,18064800.0,1482000.0,6750800.0,5652000.0,4180000.0,2022-2023,Championship
Hull City,HUL,327892.0,17050400.0,17050400.0,2380000.0,3984000.0,4318400.0,6368000.0,2022-2023,Championship
Huddersfield,HDD,321038.0,16694000.0,16694000.0,1110000.0,4608000.0,3236000.0,7740000.0,2022-2023,Championship
Middlesbrough,MID,312308.0,16240000.0,16240000.0,2730000.0,3810000.0,4370000.0,5330000.0,2022-2023,Championship
Bristol,BRI,288615.0,15008000.0,15008000.0,1130000.0,4896000.0,4020000.0,4962000.0,2022-2023,Championship
Cardiff,CDF,286731.0,14910000.0,14910000.0,1060000.0,4940000.0,3700000.0,5210000.0,2022-2023,Championship
Birmingham,BIR,274115.0,14254000.0,14254000.0,1350000.0,4654000.0,2580000.0,5670000.0,2022-2023,Championship
Reading,RDG,258169.0,13424800.0,13424800.0,640000.0,4130000.0,4182800.0,4472000.0,2022-2023,Championship
QPR,QPR,237000.0,12324000.0,12324000.0,370000.0,3810000.0,3744000.0,4400000.0,2022-2023,Championship
Swansea,SWA,222885.0,11590000.0,11590000.0,610000.0,3590000.0,4990000.0,2400000.0,2022-2023,Championship
Sunderland,SUN,213231.0,11088000.0,11088000.0,390000.0,2942000.0,1976000.0,5780000.0,2022-2023,Championship
Preston,PRE,211231.0,10984000.0,10984000.0,1068000.0,3628000.0,2652000.0,3636000.0,2022-2023,Championship
Millwall,MLW,202692.0,10540000.0,10540000.0,988000.0,2582000.0,1690000.0,5280000.0,2022-2023,Championship
Blackburn,BBR,189923.0,9876000.0,9876000.0,1070000.0,3660000.0,966000.0,4180000.0,2022-2023,Championship
Luton Town,LUT,177115.0,9210000.0,9210000.0,1324000.0,2232000.0,3800000.0,1854000.0,2022-2023,Championship
Wigan,WIG,167577.0,8714000.0,8714000.0,470000.0,3562000.0,2112000.0,2570000.0,2022-2023,Championship
Coventry,COV,154192.0,8018000.0,8018000.0,424000.0,3094000.0,1510000.0,2990000.0,2022-2023,Championship
Rotherham,ROT,153131.0,7962800.0,7962800.0,362000.0,3874800.0,2174000.0,1552000.0,2022-2023,Championship
Blackpool,BLK,140400.0,7300800.0,7300800.0,570000.0,2156000.0,2312000.0,2262800.0,2022-2023,Championship
Leicester,LEI,1147500.0,59670000.0,59670000.0,5460000.0,17654000.0,18850000.0,17706000.0,2023-2024,Championship
Southampton,SOU,836500.0,43498000.0,43498000.0,3640000.0,12610000.0,12584000.0,14664000.0,2023-2024,Championship
Leeds,LEE,826750.0,42991000.0,42991000.0,3640000.0,16952000.0,4810000.0,17589000.0,2023-2024,Championship
Norwich,NOR,510192.0,26530000.0,26530000.0,2080000.0,9140000.0,6612000.0,8698000.0,2023-2024,Championship
West Bromwich,WBA,490423.0,25502000.0,25502000.0,986000.0,6270000.0,7992000.0,10254000.0,2023-2024,Championship
Cardiff,CDF,462462.0,24048000.0,24048000.0,1950000.0,7630000.0,7534000.0,6934000.0,2023-2024,Championship
Stoke City,STK,429192.0,22318000.0,22318000.0,2834000.0,6770000.0,3690000.0,9024000.0,2023-2024,Championship
Hull City,HUL,402677.0,20939200.0,20939200.0,1172000.0,6190000.0,2314000.0,11263200.0,2023-2024,Championship
Sheffield Wednesday,SHW,336635.0,17505000.0,17505000.0,1066000.0,4304000.0,5496000.0,6639000.0,2023-2024,Championship
Watford,WAT,328962.0,17106000.0,17106000.0,810000.0,5270000.0,4540000.0,6486000.0,2023-2024,Championship
Middlesbrough,MID,328346.0,17074000.0,17074000.0,1040000.0,6494000.0,2730000.0,6810000.0,2023-2024,Championship
QPR,QPR,290500.0,15106000.0,15106000.0,1850000.0,4760000.0,4210000.0,4286000.0,2023-2024,Championship
Birmingham,BIR,286888.0,14918200.0,14918200.0,1350000.0,3488000.0,4612000.0,5468200.0,2023-2024,Championship
Ipswich Town,IPS,286308.0,14888000.0,14888000.0,942000.0,6392000.0,2012000.0,5542000.0,2023-2024,Championship
Bristol,BRI,258885.0,13462000.0,13462000.0,580000.0,3984000.0,4588000.0,4310000.0,2023-2024,Championship
Swansea,SWA,249923.0,12996000.0,12996000.0,784000.0,5408000.0,3474000.0,3330000.0,2023-2024,Championship
Millwall,MLW,239731.0,12466000.0,12466000.0,1270000.0,5202000.0,2312000.0,3682000.0,2023-2024,Championship
Preston,PRE,221169.0,11500800.0,11500800.0,1040000.0,5068000.0,2580000.0,2812800.0,2023-2024,Championship
Huddersfield,HDD,219577.0,11418000.0,11418000.0,768000.0,3948000.0,2202000.0,4500000.0,2023-2024,Championship
Sunderland,SUN,205962.0,10710000.0,10710000.0,780000.0,3320000.0,1196000.0,5414000.0,2023-2024,Championship
Coventry,COV,205962.0,10710000.0,10710000.0,580000.0,3708000.0,2210000.0,4212000.0,2023-2024,Championship
Rotherham,ROT,203577.0,10586000.0,10586000.0,390000.0,3736000.0,4208000.0,2252000.0,2023-2024,Championship
Blackburn,BBR,202000.0,10504000.0,10504000.0,572000.0,3828000.0,2624000.0,3480000.0,2023-2024,Championship
Plymouth,PLY,175038.0,9102000.0,9102000.0,714000.0,3646000.0,2678000.0,2064000.0,2023-2024,Championship
Leeds,LEE,722500.0,37570000.0,37570000.0,3380000.0,12740000.0,5720000.0,15730000.0,2024-2025,Championship
Burnley,RNL,665000.0,34580000.0,34580000.0,2340000.0,8502000.0,6760000.0,16978000.0,2024-2025,Championship
Sheffield United,SHU,576500.0,29978000.0,29978000.0,2210000.0,11180000.0,8060000.0,8528000.0,2024-2025,Championship
Luton Town,LUT,533000.0,27716000.0,27716000.0,2990000.0,6734000.0,7150000.0,10842000.0,2024-2025,Championship
Norwich,NOR,491500.0,25558000.0,25558000.0,2366000.0,7618000.0,5642000.0,9932000.0,2024-2025,Championship
Middlesbrough,MID,480346.0,24978000.0,24978000.0,1820000.0,8414000.0,3354000.0,11390000.0,2024-2025,Championship
West Bromwich,WBA,474385.0,24668000.0,24668000.0,1506000.0,8296000.0,5668000.0,9198000.0,2024-2025,Championship
Hull City,HUL,455662.0,23694400.0,23694400.0,1794000.0,5668000.0,3950000.0,12282400.0,2024-2025,Championship
Cardiff,CDF,452038.0,23506000.0,23506000.0,1378000.0,5512000.0,8248000.0,8368000.0,2024-2025,Championship
Watford,WAT,390038.0,20282000.0,20282000.0,2288000.0,6964000.0,5606000.0,5424000.0,2024-2025,Championship
Blackburn,BBR,342077.0,17788000.0,17788000.0,1066000.0,5306000.0,2260000.0,9156000.0,2024-2025,Championship
Stoke City,STK,328250.0,17069000.0,17069000.0,1404000.0,6513000.0,3068000.0,6084000.0,2024-2025,Championship
Sheffield Wednesday,SHW,327538.0,17032000.0,17032000.0,728000.0,5382000.0,4006000.0,6916000.0,2024-2025,Championship
Sunderland,SUN,308269.0,16030000.0,16030000.0,1196000.0,4810000.0,6254000.0,3770000.0,2024-2025,Championship
Millwall,MLW,304192.0,15818000.0,15818000.0,1014000.0,6006000.0,3714000.0,5084000.0,2024-2025,Championship
Swansea,SWA,292731.0,15222000.0,15222000.0,1928000.0,6382000.0,4732000.0,2180000.0,2024-2025,Championship
Preston,PRE,276054.0,14354800.0,14354800.0,1118000.0,5174000.0,3434000.0,4628800.0,2024-2025,Championship
Bristol,BRI,261077.0,13576000.0,13576000.0,520000.0,5226000.0,3128000.0,4702000.0,2024-2025,Championship
Oxford,OXF,259615.0,13500000.0,13500000.0,1014000.0,3438000.0,2548000.0,6500000.0,2024-2025,Championship
Derby County,DRB,254892.0,13254400.0,13254400.0,728000.0,6448000.0,2188400.0,3890000.0,2024-2025,Championship
Coventry,COV,252000.0,13104000.0,13104000.0,884000.0,3640000.0,3978000.0,4602000.0,2024-2025,Championship
QPR,QPR,241508.0,12558400.0,12558400.0,972400.0,5230000.0,2408000.0,3948000.0,2024-2025,Championship
Plymouth,PLY,236800.0,12313600.0,12313600.0,754000.0,5460000.0,1794000.0,4305600.0,2024-2025,Championship
Portsmouth,PTM,193442.0,10059000.0,10059000.0,1287000.0,3172000.0,2766000.0,2834000.0,2024-2025,Championship
Leicester,LEI,840500.0,43706000.0,43706000.0,1300000.0,16510000.0,15002000.0,10894000.0,2025-2026,Championship
Southampton,SOU,758500.0,39442000.0,39442000.0,3562000.0,10920000.0,8320000.0,16640000.0,2025-2026,Championship
Ipswich Town,IPS,569000.0,29588000.0,29588000.0,2184000.0,12246000.0,6240000.0,8918000.0,2025-2026,Championship
Sheffield United,SHU,522000.0,27144000.0,27144000.0,2470000.0,12038000.0,4784000.0,7852000.0,2025-2026,Championship
Norwich,NOR,438500.0,22802000.0,22802000.0,2106000.0,7436000.0,6370000.0,6890000.0,2025-2026,Championship
West Bromwich,WBA,404000.0,21008000.0,21008000.0,832000.0,8996000.0,3328000.0,7852000.0,2025-2026,Championship
Hull City,HUL,395700.0,20576400.0,20576400.0,624000.0,6942000.0,6916000.0,6094400.0,2025-2026,Championship
Middlesbrough,MID,388269.0,20190000.0,20190000.0,1300000.0,8880000.0,3432000.0,6578000.0,2025-2026,Championship
Birmingham,BIR,372500.0,19370000.0,19370000.0,1300000.0,6552000.0,2288000.0,9230000.0,2025-2026,Championship
Watford,WAT,371808.0,19334000.0,19334000.0,1482000.0,4888000.0,7400000.0,5564000.0,2025-2026,Championship
Wrexham,WXH,349750.0,18187000.0,18187000.0,1066000.0,5842200.0,4914000.0,6364800.0,2025-2026,Championship
Stoke City,STK,343000.0,17836000.0,17836000.0,1378000.0,6630000.0,4186000.0,5642000.0,2025-2026,Championship
Millwall,MLW,282038.0,14666000.0,14666000.0,1716000.0,4734000.0,5408000.0,2808000.0,2025-2026,Championship
Derby County,DRB,276885.0,14398000.0,14398000.0,910000.0,4706000.0,2750000.0,6032000.0,2025-2026,Championship
Preston,PRE,266200.0,13842400.0,13842400.0,1508000.0,5434000.0,3364400.0,3536000.0,2025-2026,Championship
Oxford,OXF,264450.0,13751400.0,13751400.0,1014000.0,3676400.0,2639000.0,6422000.0,2025-2026,Championship
Blackburn,BBR,262038.0,13626000.0,13626000.0,910000.0,4110000.0,3068000.0,5538000.0,2025-2026,Championship
QPR,QPR,259631.0,13500800.0,13500800.0,712400.0,5158400.0,2330000.0,5300000.0,2025-2026,Championship
Bristol,BRI,259008.0,13468400.0,13468400.0,698000.0,5626400.0,2750000.0,4394000.0,2025-2026,Championship
Coventry,COV,249000.0,12948000.0,12948000.0,910000.0,4758000.0,3276000.0,4004000.0,2025-2026,Championship
Swansea,SWA,242500.0,12610000.0,12610000.0,1560000.0,3718000.0,3432000.0,3900000.0,2025-2026,Championship
Sheffield Wednesday,SHW,221450.0,11515400.0,11515400.0,1024400.0,4680000.0,3029000.0,2782000.0,2025-2026,Championship
Portsmouth,PTM,184000.0,9568000.0,9568000.0,1378000.0,2392000.0,1196000.0,4602000.0,2025-2026,Championship
Charlton,CHA,175062.0,9103200.0,9103200.0,1350000.0,3432000.0,2085200.0,2236000.0,2025-2026,Championship
Manchester City,MCI,2191385.0,113952000.0,147132001.0,5616000.0,40996000.0,43420000.0,23920000.0,2013-2014,Premier League
Chelsea,CHE,2036769.0,105912000.0,136750953.0,7124000.0,32760000.0,23192000.0,42836000.0,2013-2014,Premier League
Manchester United,MUN,1871000.0,97292000.0,125621023.0,6656000.0,33462000.0,25480000.0,31694000.0,2013-2014,Premier League
Arsenal,ARS,1416746.0,73670800.0,95121913.0,4492000.0,16445000.0,35365800.0,17368000.0,2013-2014,Premier League
Liverpool,LIV,1260819.0,65562600.0,84652806.0,3380000.0,25033800.0,16764800.0,20384000.0,2013-2014,Premier League
Tottenham,TOT,1050242.0,54612600.0,70514439.0,6890000.0,10162800.0,16551800.0,21008000.0,2013-2014,Premier League
Everton,EVE,1016477.0,52856800.0,68247394.0,2018000.0,14300000.0,16714800.0,19824000.0,2013-2014,Premier League
West Ham,WHU,909396.0,47288600.0,61057870.0,3155000.0,12135600.0,18849000.0,13149000.0,2013-2014,Premier League
Sunderland,SUN,799327.0,41565000.0,53667701.0,2444000.0,13563000.0,13224000.0,12334000.0,2013-2014,Premier League
Newcastle,NEW,701069.0,36455600.0,47070570.0,1775000.0,12666800.0,11440000.0,10573800.0,2013-2014,Premier League
West Bromwich,WBA,664288.0,34543000.0,44601067.0,3159000.0,10953000.0,7982000.0,12449000.0,2013-2014,Premier League
Stoke City,STK,652442.0,33927000.0,43805704.0,2272000.0,9204000.0,9971000.0,12480000.0,2013-2014,Premier League
Aston Villa,AVA,650500.0,33826000.0,43675294.0,4004000.0,11258000.0,7228000.0,11336000.0,2013-2014,Premier League
Fulham,FUL,641873.0,33377400.0,43096074.0,2977000.0,8655000.0,14673800.0,7071600.0,2013-2014,Premier League
Cardiff,CDF,539462.0,28052000.0,36220051.0,1768000.0,8058000.0,6916000.0,11310000.0,2013-2014,Premier League
Norwich,NOR,535604.0,27851400.0,35961037.0,2756000.0,9712600.0,7176000.0,8206800.0,2013-2014,Premier League
Southampton,SOU,535392.0,27840400.0,35946835.0,3562000.0,8517600.0,13343000.0,2417800.0,2013-2014,Premier League
Swansea,SWA,412673.0,21459000.0,27707329.0,2145000.0,6812000.0,3491000.0,9011000.0,2013-2014,Premier League
Hull City,HUL,404308.0,21024000.0,27145670.0,2496000.0,7072000.0,5460000.0,5996000.0,2013-2014,Premier League
Crystal Palace,CRY,372958.0,19393800.0,25040793.0,2314000.0,4839000.0,5844800.0,6396000.0,2013-2014,Premier League
Manchester United,MUN,2751000.0,143052000.0,184027894.0,10140000.0,40404000.0,29224000.0,63284000.0,2014-2015,Premier League
Manchester City,MCI,2361992.0,122823600.0,158005259.0,9516000.0,40292800.0,45870800.0,27144000.0,2014-2015,Premier League
Chelsea,CHE,2012708.0,104660800.0,134639898.0,12766000.0,29120000.0,25219000.0,37555800.0,2014-2015,Premier League
Arsenal,ARS,1820681.0,94675400.0,121794274.0,7092800.0,22565800.0,39068800.0,25948000.0,2014-2015,Premier League
Liverpool,LIV,1572500.0,81770000.0,105192244.0,3640000.0,28236000.0,23400000.0,26494000.0,2014-2015,Premier League
Tottenham,TOT,1301192.0,67662000.0,87043138.0,7579000.0,18275000.0,17056000.0,24752000.0,2014-2015,Premier League
Everton,EVE,970935.0,50488600.0,64950585.0,3058000.0,16318000.0,12719600.0,18393000.0,2014-2015,Premier League
West Ham,WHU,874915.0,45495600.0,58527384.0,2236000.0,10740600.0,18583000.0,13936000.0,2014-2015,Premier League
QPR,QPR,867515.0,45110800.0,58032359.0,1326000.0,12533000.0,14217800.0,17034000.0,2014-2015,Premier League
Southampton,SOU,837496.0,43549800.0,56024227.0,3640000.0,13584000.0,12656800.0,13669000.0,2014-2015,Premier League
Sunderland,SUN,757808.0,39406000.0,50693478.0,3120000.0,11908000.0,10468000.0,13910000.0,2014-2015,Premier League
Hull City,HUL,707596.0,36795000.0,47334581.0,2527000.0,11284000.0,10920000.0,12064000.0,2014-2015,Premier League
Stoke City,STK,706342.0,36729800.0,47250705.0,2210000.0,12451000.0,10290800.0,11778000.0,2014-2015,Premier League
West Bromwich,WBA,682500.0,35490000.0,45655773.0,3692000.0,11024000.0,13312000.0,7462000.0,2014-2015,Premier League
Leicester,LEI,637654.0,33158000.0,42655795.0,4139000.0,9888000.0,9277000.0,9854000.0,2014-2015,Premier League
Aston Villa,AVA,637550.0,33152600.0,42648847.0,4784000.0,9867000.0,10946000.0,7555600.0,2014-2015,Premier League
Newcastle,NEW,619727.0,32225800.0,41456576.0,2769000.0,10407800.0,12345000.0,6704000.0,2014-2015,Premier League
Crystal Palace,CRY,609692.0,31704000.0,40785314.0,2184000.0,8060000.0,9542000.0,11918000.0,2014-2015,Premier League
Swansea,SWA,577288.0,30019000.0,38617657.0,2730000.0,8476000.0,5349000.0,13464000.0,2014-2015,Premier League
Burnley,RNL,299688.0,15583800.0,20047633.0,1482000.0,5701800.0,3879000.0,4521000.0,2014-2015,Premier League
Manchester City,MCI,2443269.0,127050000.0,161810544.0,9516000.0,45980200.0,48874800.0,22679000.0,2015-2016,Premier League
Manchester United,MUN,2370850.0,123284200.0,157014433.0,14508000.0,35612200.0,44564000.0,28600000.0,2015-2016,Premier League
Chelsea,CHE,1922208.0,99954800.0,127302169.0,8773000.0,25708800.0,22063000.0,43410000.0,2015-2016,Premier League
Arsenal,ARS,1861181.0,96781400.0,123260538.0,8112000.0,23361800.0,37362800.0,27944800.0,2015-2016,Premier League
Liverpool,LIV,1801400.0,93672800.0,119301432.0,4602000.0,32546800.0,26312000.0,30212000.0,2015-2016,Premier League
Everton,EVE,1066808.0,55474000.0,70651540.0,3068000.0,16640000.0,15850000.0,19916000.0,2015-2016,Premier League
Crystal Palace,CRY,1032400.0,53684800.0,68372822.0,4108000.0,13572000.0,14352800.0,21652000.0,2015-2016,Premier League
Tottenham,TOT,1027535.0,53431800.0,68050598.0,6500000.0,16251800.0,14300000.0,16380000.0,2015-2016,Premier League
West Ham,WHU,1016600.0,52863200.0,67326435.0,2360800.0,17879600.0,19217800.0,13405000.0,2015-2016,Premier League
Newcastle,NEW,907515.0,47190800.0,60102081.0,3978000.0,11418800.0,16900000.0,14894000.0,2015-2016,Premier League
Sunderland,SUN,891631.0,46364800.0,59050090.0,4030000.0,12890800.0,12652000.0,16792000.0,2015-2016,Premier League
Southampton,SOU,853900.0,44402800.0,56551292.0,5330000.0,14560000.0,10036000.0,14476800.0,2015-2016,Premier League
Stoke City,STK,813231.0,42288000.0,53857887.0,2662000.0,13182000.0,10506000.0,15938000.0,2015-2016,Premier League
West Bromwich,WBA,805000.0,41860000.0,53312789.0,3666000.0,13754000.0,12282400.0,12157600.0,2015-2016,Premier League
Swansea,SWA,781000.0,40612000.0,51723334.0,3926000.0,12363000.0,9204000.0,15119000.0,2015-2016,Premier League
Leicester,LEI,739400.0,38448800.0,48968291.0,4095000.0,8470800.0,12740000.0,13143000.0,2015-2016,Premier League
Aston Villa,AVA,715000.0,37180000.0,47352355.0,2860000.0,15022800.0,10010000.0,9287200.0,2015-2016,Premier League
Norwich,NOR,628000.0,32656000.0,41590597.0,3120000.0,10088000.0,7800000.0,11648000.0,2015-2016,Premier League
Watford,WAT,598058.0,31099000.0,39607605.0,2176000.0,8892000.0,12610000.0,7421000.0,2015-2016,Premier League
Bournemouth,BOU,511935.0,26620600.0,33903931.0,3265600.0,7597400.0,4384000.0,11373600.0,2015-2016,Premier League
Manchester United,MUN,2928612.0,152287800.0,189116211.0,14126000.0,40079000.0,62420800.0,35662000.0,2016-2017,Premier League
Manchester City,MCI,2599904.0,135195000.0,167889783.0,8528000.0,43685400.0,45000800.0,37980800.0,2016-2017,Premier League
Arsenal,ARS,1967788.0,102325000.0,127070690.0,8320000.0,32379000.0,33390000.0,28236000.0,2016-2017,Premier League
Chelsea,CHE,1896423.0,98614000.0,122462245.0,9360000.0,22704000.0,26713000.0,39837000.0,2016-2017,Premier League
Liverpool,LIV,1740800.0,90521600.0,112412826.0,8840000.0,20410000.0,27768000.0,33503600.0,2016-2017,Premier League
Crystal Palace,CRY,1387827.0,72167000.0,89619456.0,6016000.0,20826000.0,18286000.0,27039000.0,2016-2017,Premier League
Tottenham,TOT,1370412.0,71261400.0,88494848.0,9024800.0,21336000.0,25259000.0,15641600.0,2016-2017,Premier League
Everton,EVE,1303058.0,67759000.0,84145449.0,2639000.0,19422000.0,23078000.0,22620000.0,2016-2017,Premier League
Leicester,LEI,1220092.0,63444800.0,78787926.0,7384000.0,15344800.0,18252000.0,22464000.0,2016-2017,Premier League
Southampton,SOU,1101615.0,57284000.0,71137235.0,5648000.0,21372000.0,10452000.0,19812000.0,2016-2017,Premier League
West Ham,WHU,1056992.0,54963600.0,68255681.0,2392000.0,20592000.0,10467800.0,21511800.0,2016-2017,Premier League
Stoke City,STK,1031031.0,53613600.0,66579203.0,4550000.0,10328800.0,13780000.0,24954800.0,2016-2017,Premier League
Sunderland,SUN,918708.0,47772800.0,59325901.0,3276000.0,15932800.0,14524000.0,14040000.0,2016-2017,Premier League
Watford,WAT,896196.0,46602200.0,57872209.0,3216000.0,14882400.0,17043000.0,11460800.0,2016-2017,Premier League
Hull City,HUL,810481.0,42145000.0,52337109.0,2319000.0,11752000.0,11533000.0,16541000.0,2016-2017,Premier League
West Bromwich,WBA,793300.0,41251600.0,51227649.0,3692000.0,11590800.0,11538800.0,14430000.0,2016-2017,Premier League
Swansea,SWA,764000.0,39728000.0,49335589.0,4784000.0,11024000.0,7852000.0,16068000.0,2016-2017,Premier League
Middlesbrough,MID,747462.0,38868000.0,48267614.0,4160000.0,10478000.0,9516000.0,14714000.0,2016-2017,Premier League
Bournemouth,BOU,651865.0,33897000.0,42094456.0,3926000.0,10246000.0,8782000.0,10943000.0,2016-2017,Premier League
Burnley,RNL,473500.0,24622000.0,30576444.0,2340000.0,6838000.0,10556000.0,4888000.0,2016-2017,Premier League
Manchester United,MUN,3135900.0,163066800.0,197962969.0,14820000.0,44460000.0,50746800.0,53040000.0,2017-2018,Premier League
Arsenal,ARS,3093385.0,160856000.0,195279061.0,8528000.0,32968000.0,59868000.0,59492000.0,2017-2018,Premier League
Manchester City,MCI,2607885.0,135610000.0,164630434.0,15386000.0,43004000.0,45864000.0,31356000.0,2017-2018,Premier League
Chelsea,CHE,2340262.0,121693600.0,147735938.0,8762000.0,36698800.0,32170000.0,44062800.0,2017-2018,Premier League
Liverpool,LIV,1857169.0,96572800.0,117239306.0,8164000.0,30824000.0,28620800.0,28964000.0,2017-2018,Premier League
Everton,EVE,1621804.0,84333800.0,102381167.0,5767000.0,29291600.0,21049600.0,28225600.0,2017-2018,Premier League
Tottenham,TOT,1546496.0,80417800.0,97627147.0,8351000.0,28816000.0,21600800.0,21650000.0,2017-2018,Premier League
Crystal Palace,CRY,1312838.0,68267600.0,82876814.0,3380000.0,24440000.0,19080800.0,21366800.0,2017-2018,Premier League
West Ham,WHU,1309227.0,68079800.0,82648826.0,8655000.0,22165000.0,17765000.0,19494800.0,2017-2018,Premier League
Southampton,SOU,1281400.0,66632800.0,80892168.0,7020000.0,22776000.0,12220000.0,24616800.0,2017-2018,Premier League
Leicester,LEI,1266827.0,65875000.0,79972200.0,5980000.0,18009000.0,18070000.0,23816000.0,2017-2018,Premier League
West Bromwich,WBA,1118762.0,58175600.0,70625137.0,4550000.0,13043800.0,20281000.0,20300800.0,2017-2018,Premier League
Stoke City,STK,983612.0,51147800.0,62093391.0,3900000.0,17108000.0,12512000.0,17627800.0,2017-2018,Premier League
Watford,WAT,933977.0,48566800.0,58960057.0,2941000.0,13814800.0,12415000.0,19396000.0,2017-2018,Premier League
Swansea,SWA,918712.0,47773000.0,57996386.0,4940000.0,11024000.0,12231000.0,19578000.0,2017-2018,Premier League
Bournemouth,BOU,806096.0,41917000.0,50887204.0,7436000.0,12844000.0,7337000.0,14300000.0,2017-2018,Premier League
Brighton,BHA,752785.0,39144800.0,47521758.0,4690000.0,12954000.0,8710000.0,12790800.0,2017-2018,Premier League
Newcastle,NEW,722000.0,37544000.0,45578387.0,2860000.0,12480000.0,9984000.0,12220000.0,2017-2018,Premier League
Burnley,RNL,614000.0,31928000.0,38760570.0,3250000.0,8528000.0,11414000.0,8736000.0,2017-2018,Premier League
Huddersfield,HDD,492442.0,25607000.0,31086877.0,1241000.0,5953000.0,9152000.0,9261000.0,2017-2018,Premier League
Chelsea,CHE,3312308.0,172240000.0,205526950.0,10354000.0,41791000.0,51969000.0,68126000.0,2018-2019,Premier League
Manchester City,MCI,2904535.0,151035800.0,180224845.0,9776000.0,48256000.0,49160800.0,43843000.0,2018-2019,Premier League
Manchester United,MUN,2885400.0,150040800.0,179037553.0,15600000.0,45240000.0,50440000.0,38760800.0,2018-2019,Premier League
Arsenal,ARS,2663285.0,138490800.0,165255407.0,12064000.0,39910000.0,54980000.0,31536800.0,2018-2019,Premier League
Liverpool,LIV,2338458.0,121599800.0,145100067.0,7956000.0,31948800.0,37871000.0,43824000.0,2018-2019,Premier League
Tottenham,TOT,1740865.0,90525000.0,108019780.0,8398000.0,25988000.0,25771000.0,30368000.0,2018-2019,Premier League
Everton,EVE,1640712.0,85317000.0,101805287.0,6968000.0,29692000.0,24581000.0,24076000.0,2018-2019,Premier League
West Ham,WHU,1619865.0,84233000.0,100511794.0,5980000.0,23296000.0,21703000.0,33254000.0,2018-2019,Premier League
Leicester,LEI,1507500.0,78390000.0,93539580.0,8996000.0,25220000.0,25974000.0,18200000.0,2018-2019,Premier League
Southampton,SOU,1461510.0,75998500.0,90685903.0,9453500.0,24830000.0,17566000.0,24149000.0,2018-2019,Premier League
Crystal Palace,CRY,1418058.0,73739000.0,87989734.0,6526000.0,21450000.0,20881000.0,24882000.0,2018-2019,Premier League
Bournemouth,BOU,1033596.0,53747000.0,64134098.0,6240000.0,18356000.0,12303000.0,16848000.0,2018-2019,Premier League
Fulham,FUL,960750.0,49959000.0,59614032.0,6494000.0,11491000.0,13396000.0,18578000.0,2018-2019,Premier League
Watford,WAT,949962.0,49398000.0,58944611.0,3536000.0,16068000.0,15340000.0,14454000.0,2018-2019,Premier League
Newcastle,NEW,895592.0,46570800.0,55571030.0,4342000.0,17840800.0,12480000.0,11908000.0,2018-2019,Premier League
Burnley,RNL,839712.0,43665000.0,52103661.0,6370000.0,14092000.0,9594000.0,13609000.0,2018-2019,Premier League
Brighton,BHA,836481.0,43497000.0,51903191.0,3432000.0,15875000.0,11294000.0,12896000.0,2018-2019,Premier League
Wolverhampton,WLV,782092.0,40668800.0,48528414.0,7176000.0,7976800.0,13104000.0,12412000.0,2018-2019,Premier League
Huddersfield,HDD,675592.0,35130800.0,41920148.0,2262000.0,10764000.0,11356800.0,10748000.0,2018-2019,Premier League
Cardiff,CDF,634423.0,32990000.0,39365616.0,3120000.0,8252000.0,11140000.0,10478000.0,2018-2019,Premier League
Manchester United,MUN,3161538.0,164400000.0,194249725.0,24700000.0,55640000.0,28600000.0,55460000.0,2019-2020,Premier League
Manchester City,MCI,3003269.0,156170000.0,184525423.0,10660000.0,39620000.0,25020000.0,80870000.0,2019-2020,Premier League
Chelsea,CHE,2489615.0,129460000.0,152965749.0,9730000.0,35170000.0,42760000.0,41800000.0,2019-2020,Premier League
Arsenal,ARS,2281923.0,118660000.0,140204820.0,6760000.0,42110000.0,20800000.0,48990000.0,2019-2020,Premier League
Liverpool,LIV,2225962.0,115750000.0,136766458.0,8110000.0,32500000.0,34060000.0,41080000.0,2019-2020,Premier League
Tottenham,TOT,2045769.0,106380000.0,125695168.0,8580000.0,25220000.0,33060000.0,39520000.0,2019-2020,Premier League
Everton,EVE,1785962.0,92870000.0,109732189.0,8350000.0,24800000.0,20820000.0,38900000.0,2019-2020,Premier League
West Ham,WHU,1483000.0,77116000.0,91117773.0,7176000.0,23660000.0,13520000.0,32760000.0,2019-2020,Premier League
Crystal Palace,CRY,1430192.0,74370000.0,87873189.0,5590000.0,22360000.0,16000000.0,30420000.0,2019-2020,Premier League
Leicester,LEI,1310000.0,68120000.0,80488388.0,9000000.0,21320000.0,17650000.0,20150000.0,2019-2020,Premier League
Newcastle,NEW,1251308.0,65068000.0,76882248.0,4160000.0,22646000.0,17512000.0,20750000.0,2019-2020,Premier League
Watford,WAT,1098462.0,57120000.0,67491147.0,2760000.0,16730000.0,12380000.0,25250000.0,2019-2020,Premier League
Southampton,SOU,1071923.0,55740000.0,65860583.0,4680000.0,21320000.0,10920000.0,18820000.0,2019-2020,Premier League
Aston Villa,AVA,979231.0,50920000.0,60165427.0,10180000.0,13780000.0,11180000.0,15780000.0,2019-2020,Premier League
Wolverhampton,WLV,962192.0,50034000.0,59118557.0,7020000.0,12354000.0,13950000.0,16710000.0,2019-2020,Premier League
Brighton,BHA,922500.0,47970000.0,56679801.0,3430000.0,15090000.0,17360000.0,12090000.0,2019-2020,Premier League
Bournemouth,BOU,869615.0,45220000.0,53430493.0,2600000.0,16280000.0,10300000.0,16040000.0,2019-2020,Premier League
Burnley,RNL,850192.0,44210000.0,52237108.0,4940000.0,15140000.0,12170000.0,11960000.0,2019-2020,Premier League
Norwich,NOR,513577.0,26706000.0,31554947.0,4750000.0,6820000.0,7330000.0,7806000.0,2019-2020,Premier League
Sheffield United,SHU,460962.0,23970000.0,28322177.0,1820000.0,8410000.0,5520000.0,8220000.0,2019-2020,Premier League
Manchester United,MUN,3700192.0,192410000.0,221760675.0,30850000.0,51380000.0,36920000.0,73260000.0,2020-2021,Premier League
Chelsea,CHE,3132923.0,162912000.0,187762981.0,12730000.0,54362000.0,31460000.0,64360000.0,2020-2021,Premier League
Arsenal,ARS,2949231.0,153360000.0,176753893.0,8620000.0,49030000.0,30940000.0,64770000.0,2020-2021,Premier League
Manchester City,MCI,2760923.0,143568000.0,165468201.0,7072000.0,41986000.0,25020000.0,69490000.0,2020-2021,Premier League
Tottenham,TOT,2611269.0,135786000.0,156499115.0,8710000.0,29776000.0,28640000.0,68660000.0,2020-2021,Premier League
Liverpool,LIV,2529423.0,131530000.0,151593893.0,8110000.0,37780000.0,44980000.0,40660000.0,2020-2021,Premier League
Everton,EVE,1973712.0,102633000.0,118288876.0,7843000.0,28210000.0,27060000.0,39520000.0,2020-2021,Premier League
Crystal Palace,CRY,1739904.0,90475000.0,104276266.0,8160000.0,30810000.0,15340000.0,36165000.0,2020-2021,Premier League
Leicester,LEI,1532308.0,79680000.0,91834572.0,10040000.0,22320000.0,16770000.0,30550000.0,2020-2021,Premier League
West Ham,WHU,1323385.0,68816000.0,79313352.0,5616000.0,21600000.0,12480000.0,29120000.0,2020-2021,Premier League
Aston Villa,AVA,1245712.0,64777024.0,74658263.0,6277024.0,19240000.0,16960000.0,22300000.0,2020-2021,Premier League
Southampton,SOU,1208731.0,62854000.0,72441895.0,8380000.0,18434000.0,9480000.0,26560000.0,2020-2021,Premier League
Newcastle,NEW,1159000.0,60268000.0,69461421.0,4186000.0,21740000.0,8082000.0,26260000.0,2020-2021,Premier League
Fulham,FUL,1074785.0,55888800.0,64414208.0,6019000.0,16660800.0,19968000.0,13241000.0,2020-2021,Premier League
Wolverhampton,WLV,1073477.0,55820800.0,64335833.0,5500000.0,18086000.0,11856000.0,20378800.0,2020-2021,Premier League
Brighton,BHA,1013402.0,52696900.0,60735407.0,3536000.0,14910000.0,8222900.0,26028000.0,2020-2021,Premier League
West Bromwich,WBA,716696.0,37268200.0,42953179.0,2594000.0,11438000.0,7598000.0,15638200.0,2020-2021,Premier League
Burnley,RNL,701750.0,36491000.0,42057423.0,3095000.0,13320000.0,9936000.0,10140000.0,2020-2021,Premier League
Leeds,LEE,614027.0,31929400.0,36799986.0,2652000.0,9062400.0,5044000.0,15171000.0,2020-2021,Premier League
Sheffield United,SHU,398215.0,20707200.0,23865925.0,2366000.0,6703800.0,4055800.0,7581600.0,2020-2021,Premier League
Manchester United,MUN,4491923.0,233580000.0,249449352.0,28600000.0,60480000.0,36920000.0,107580000.0,2021-2022,Premier League
Chelsea,CHE,3602692.0,187340000.0,200067815.0,12480000.0,51220000.0,51100000.0,72540000.0,2021-2022,Premier League
Manchester City,MCI,3241769.0,168572000.0,180024728.0,8892000.0,60320000.0,24500000.0,74860000.0,2021-2022,Premier League
Liverpool,LIV,2981000.0,155012000.0,165543467.0,14560000.0,49660000.0,50440000.0,40352000.0,2021-2022,Premier League
Arsenal,ARS,2270654.0,118074000.0,126095909.0,8400000.0,37024000.0,27300000.0,45350000.0,2021-2022,Premier League
Tottenham,TOT,2123385.0,110416000.0,117917628.0,6760000.0,29516000.0,30680000.0,43460000.0,2021-2022,Premier League
Everton,EVE,2069269.0,107602000.0,114912447.0,8060000.0,31512000.0,31320000.0,36710000.0,2021-2022,Premier League
Aston Villa,AVA,1640962.0,85330000.0,91127293.0,8320000.0,26160000.0,14380000.0,36470000.0,2021-2022,Premier League
Leicester,LEI,1569038.0,81590000.0,87133199.0,10040000.0,28040000.0,18070000.0,25440000.0,2021-2022,Premier League
West Ham,WHU,1498769.0,77936000.0,83230945.0,11856000.0,28860000.0,10180000.0,27040000.0,2021-2022,Premier League
Newcastle,NEW,1416769.0,73672000.0,78677252.0,4940000.0,27640000.0,17052000.0,24040000.0,2021-2022,Premier League
Crystal Palace,CRY,1382885.0,71910000.0,76795542.0,6000000.0,20930000.0,18980000.0,26000000.0,2021-2022,Premier League
Wolverhampton,WLV,1206846.0,62756000.0,67019621.0,2120000.0,20736000.0,13080000.0,26820000.0,2021-2022,Premier League
Southampton,SOU,1128015.0,58656800.0,62641924.0,9270000.0,12136800.0,15720000.0,21530000.0,2021-2022,Premier League
Brighton,BHA,958077.0,49820000.0,53204757.0,3120000.0,17640000.0,12270000.0,16790000.0,2021-2022,Premier League
Watford,WAT,803269.0,41770000.0,44607843.0,2580000.0,14880000.0,15030000.0,9280000.0,2021-2022,Premier League
Burnley,RNL,785192.0,40830000.0,43603978.0,2900000.0,14940000.0,7880000.0,15110000.0,2021-2022,Premier League
Leeds,LEE,718346.0,37354000.0,39891819.0,2080000.0,13150000.0,3980000.0,18144000.0,2021-2022,Premier League
Norwich,NOR,620577.0,32270000.0,34462415.0,3480000.0,15280000.0,7230000.0,6280000.0,2021-2022,Premier League
Brentford,BTD,550115.0,28606000.0,30549483.0,2080000.0,8686000.0,8220000.0,9620000.0,2021-2022,Premier League
Manchester United,MUN,4657500.0,242190000.0,242190000.0,25740000.0,72930000.0,52520000.0,91000000.0,2022-2023,Premier League
Chelsea,CHE,4357000.0,226564000.0,226564000.0,14560000.0,80964000.0,54080000.0,76960000.0,2022-2023,Premier League
Manchester City,MCI,3830000.0,199160000.0,199160000.0,9620000.0,71500000.0,39780000.0,78260000.0,2022-2023,Premier League
Liverpool,LIV,3285000.0,170820000.0,170820000.0,11440000.0,49660000.0,54340000.0,55380000.0,2022-2023,Premier League
Arsenal,ARS,2558000.0,133016000.0,133016000.0,8060000.0,38896000.0,37960000.0,48100000.0,2022-2023,Premier League
Tottenham,TOT,2245000.0,116740000.0,116740000.0,9880000.0,40300000.0,26780000.0,39780000.0,2022-2023,Premier League
Aston Villa,AVA,2092885.0,108830000.0,108830000.0,9880000.0,35620000.0,28600000.0,34730000.0,2022-2023,Premier League
Newcastle,NEW,1775500.0,92326000.0,92326000.0,7800000.0,32500000.0,19370000.0,32656000.0,2022-2023,Premier League
West Ham,WHU,1710000.0,88920000.0,88920000.0,11440000.0,29640000.0,8060000.0,39780000.0,2022-2023,Premier League
Everton,EVE,1661000.0,86372000.0,86372000.0,9620000.0,34632000.0,20540000.0,21580000.0,2022-2023,Premier League
Leicester,LEI,1630000.0,84760000.0,84760000.0,4680000.0,31980000.0,20020000.0,28080000.0,2022-2023,Premier League
Nottingham Forest,NTG,1475962.0,76750000.0,76750000.0,10790000.0,25480000.0,15860000.0,24620000.0,2022-2023,Premier League
Crystal Palace,CRY,1355000.0,70460000.0,70460000.0,7800000.0,21580000.0,23140000.0,17940000.0,2022-2023,Premier League
Wolverhampton,WLV,1303500.0,67782000.0,67782000.0,2600000.0,11856000.0,19396000.0,33930000.0,2022-2023,Premier League
Fulham,FUL,1200000.0,62400000.0,62400000.0,5460000.0,23920000.0,12740000.0,20280000.0,2022-2023,Premier League
Southampton,SOU,1198000.0,62296000.0,62296000.0,4680000.0,13416000.0,15860000.0,28340000.0,2022-2023,Premier League
Leeds,LEE,1174500.0,61074000.0,61074000.0,3120000.0,19214000.0,11700000.0,27040000.0,2022-2023,Premier League
Bournemouth,BOU,977000.0,50804000.0,50804000.0,5044000.0,17368000.0,9672000.0,18720000.0,2022-2023,Premier League
Brighton,BHA,863000.0,44876000.0,44876000.0,2860000.0,13780000.0,13676000.0,14560000.0,2022-2023,Premier League
Brentford,BTD,738000.0,38376000.0,38376000.0,2600000.0,16016000.0,9100000.0,10660000.0,2022-2023,Premier League
Manchester City,MCI,3786000.0,196872000.0,196872000.0,13832000.0,63440000.0,26000000.0,93600000.0,2023-2024,Premier League
Manchester United,MUN,3764346.0,195746000.0,195746000.0,10400000.0,67366000.0,38480000.0,79500000.0,2023-2024,Premier League
Arsenal,ARS,3298000.0,171496000.0,171496000.0,11180000.0,47476000.0,31460000.0,81380000.0,2023-2024,Premier League
Chelsea,CHE,3022500.0,157170000.0,157170000.0,6240000.0,73840000.0,30030000.0,47060000.0,2023-2024,Premier League
Liverpool,LIV,2730000.0,141960000.0,141960000.0,11440000.0,48100000.0,37700000.0,44720000.0,2023-2024,Premier League
Tottenham,TOT,2567500.0,133510000.0,133510000.0,14170000.0,37440000.0,29900000.0,52000000.0,2023-2024,Premier League
Aston Villa,AVA,2182885.0,113510000.0,113510000.0,9360000.0,42640000.0,28080000.0,33430000.0,2023-2024,Premier League
West Ham,WHU,2013000.0,104676000.0,104676000.0,9828000.0,29900000.0,23920000.0,41028000.0,2023-2024,Premier League
Newcastle,NEW,1695000.0,88140000.0,88140000.0,6240000.0,32864000.0,26624000.0,22412000.0,2023-2024,Premier League
Everton,EVE,1563808.0,81318000.0,81318000.0,7280000.0,24492000.0,25860000.0,23686000.0,2023-2024,Premier League
Nottingham Forest,NTG,1418077.0,73740000.0,73740000.0,7910000.0,26000000.0,14040000.0,25790000.0,2023-2024,Premier League
Crystal Palace,CRY,1415000.0,73580000.0,73580000.0,8190000.0,24700000.0,18720000.0,21970000.0,2023-2024,Premier League
Fulham,FUL,1307500.0,67990000.0,67990000.0,8060000.0,19890000.0,11960000.0,28080000.0,2023-2024,Premier League
Brighton,BHA,1285000.0,66820000.0,66820000.0,3380000.0,20280000.0,12870000.0,30290000.0,2023-2024,Premier League
Wolverhampton,WLV,1200000.0,62400000.0,62400000.0,4160000.0,21580000.0,12220000.0,24440000.0,2023-2024,Premier League
Bournemouth,BOU,1102500.0,57330000.0,57330000.0,6500000.0,14456000.0,11934000.0,24440000.0,2023-2024,Premier League
Brentford,BTD,898500.0,46722000.0,46722000.0,3900000.0,19032000.0,11310000.0,12480000.0,2023-2024,Premier League
Burnley,RNL,785500.0,40846000.0,40846000.0,3120000.0,9308000.0,9620000.0,18798000.0,2023-2024,Premier League
Sheffield United,SHU,680000.0,35360000.0,35360000.0,3302000.0,13338000.0,10790000.0,7930000.0,2023-2024,Premier League
Luton Town,LUT,503500.0,26182000.0,26182000.0,2990000.0,8190000.0,7540000.0,7462000.0,2023-2024,Premier League
Manchester City,MCI,4351800.0,226293600.0,226293600.0,11440000.0,58292000.0,41288000.0,115273600.0,2024-2025,Premier League
Chelsea,CHE,3295300.0,171355600.0,171355600.0,15407600.0,64324000.0,27560000.0,64064000.0,2024-2025,Premier League
Manchester United,MUN,3292750.0,171223000.0,171223000.0,10400000.0,65949000.0,33748000.0,61126000.0,2024-2025,Premier League
Arsenal,ARS,3268000.0,169936000.0,169936000.0,7800000.0,55744000.0,35360000.0,71032000.0,2024-2025,Premier League
Liverpool,LIV,2855650.0,148493800.0,148493800.0,11960000.0,54990000.0,28633800.0,52910000.0,2024-2025,Premier League
Aston Villa,AVA,2699650.0,140381800.0,140381800.0,10909600.0,39702000.0,37336000.0,52434200.0,2024-2025,Premier League
Tottenham,TOT,2329250.0,121121000.0,121121000.0,10270000.0,39936000.0,13299000.0,57616000.0,2024-2025,Premier League
Newcastle,NEW,2123300.0,110411600.0,110411600.0,8788000.0,43201600.0,31486000.0,26936000.0,2024-2025,Premier League
West Ham,WHU,1984000.0,103168000.0,103168000.0,10400000.0,24050000.0,24908000.0,43810000.0,2024-2025,Premier League
Wolverhampton,WLV,1585000.0,82420000.0,82420000.0,7280000.0,27352000.0,23972000.0,23816000.0,2024-2025,Premier League
Crystal Palace,CRY,1472000.0,76544000.0,76544000.0,8320000.0,28470000.0,14352000.0,25402000.0,2024-2025,Premier League
Everton,EVE,1419000.0,73788000.0,73788000.0,8658000.0,23452000.0,19240000.0,22438000.0,2024-2025,Premier League
Fulham,FUL,1375500.0,71526000.0,71526000.0,7280000.0,22880000.0,10400000.0,30966000.0,2024-2025,Premier League
Brighton,BHA,1299250.0,67561000.0,67561000.0,4056000.0,25350000.0,12402000.0,25753000.0,2024-2025,Premier League
Leicester,LEI,1282500.0,66690000.0,66690000.0,4160000.0,21710000.0,16536000.0,24284000.0,2024-2025,Premier League
Nottingham Forest,NTG,1268500.0,65962000.0,65962000.0,3120000.0,22984000.0,19136000.0,20722000.0,2024-2025,Premier League
Southampton,SOU,1041000.0,54132000.0,54132000.0,9100000.0,16666000.0,11180000.0,17186000.0,2024-2025,Premier League
Bournemouth,BOU,1036500.0,53898000.0,53898000.0,4316000.0,14352000.0,14040000.0,21190000.0,2024-2025,Premier League
Brentford,BTD,862750.0,44863000.0,44863000.0,2600000.0,17537000.0,8866000.0,15860000.0,2024-2025,Premier League
Ipswich Town,IPS,784000.0,40768000.0,40768000.0,3640000.0,14066000.0,12376000.0,10686000.0,2024-2025,Premier League
Manchester City,MCI,4275300.0,222315600.0,222315600.0,22100000.0,55744000.0,51662000.0,92809600.0,2025-2026,Premier League
Arsenal,ARS,3641000.0,189332000.0,189332000.0,8320000.0,49660000.0,26520000.0,104832000.0,2025-2026,Premier League
Liverpool,LIV,3350400.0,174220800.0,174220800.0,13624000.0,51896000.0,24200800.0,84500000.0,2025-2026,Premier League
Chelsea,CHE,3169000.0,164788000.0,164788000.0,7956000.0,64532000.0,23400000.0,68900000.0,2025-2026,Premier League
Manchester United,MUN,3121750.0,162331000.0,162331000.0,10400000.0,61451000.0,25896000.0,64584000.0,2025-2026,Premier League
Tottenham,TOT,2556000.0,132912000.0,132912000.0,6240000.0,38766000.0,24466000.0,63440000.0,2025-2026,Premier League
Aston Villa,AVA,2506100.0,130317200.0,130317200.0,10400000.0,41241200.0,32760000.0,45916000.0,2025-2026,Premier League
Newcastle,NEW,2242000.0,116584000.0,116584000.0,10920000.0,35256000.0,35880000.0,34528000.0,2025-2026,Premier League
Nottingham Forest,NTG,1797250.0,93457000.0,93457000.0,5720000.0,33709000.0,17420000.0,36608000.0,2025-2026,Premier League
West Ham,WHU,1656600.0,86143200.0,86143200.0,11960000.0,24752000.0,21091200.0,28340000.0,2025-2026,Premier League
Fulham,FUL,1490750.0,77519000.0,77519000.0,8320000.0,24219000.0,11700000.0,33280000.0,2025-2026,Premier League
Everton,EVE,1449600.0,75379200.0,75379200.0,9958000.0,27092000.0,14560000.0,23769200.0,2025-2026,Premier League
Wolverhampton,WLV,1391500.0,72358000.0,72358000.0,6760000.0,27612000.0,17550000.0,20436000.0,2025-2026,Premier League
Sunderland,SUN,1308000.0,68016000.0,68016000.0,4160000.0,27586000.0,16588000.0,19682000.0,2025-2026,Premier League
Crystal Palace,CRY,1304400.0,67828800.0,67828800.0,7982000.0,21860800.0,15080000.0,22906000.0,2025-2026,Premier League
Bournemouth,BOU,1207000.0,62764000.0,62764000.0,4160000.0,17160000.0,17264000.0,24180000.0,2025-2026,Premier League
Brighton,BHA,1166250.0,60645000.0,60645000.0,3640000.0,24102000.0,9906000.0,22997000.0,2025-2026,Premier League
Leeds,LEE,1140500.0,59306000.0,59306000.0,6240000.0,18200000.0,8580000.0,26286000.0,2025-2026,Premier League
Burnley,RNL,1061346.0,55190000.0,55190000.0,4004000.0,22490000.0,9100000.0,19596000.0,2025-2026,Premier League
Brentford,BTD,1044250.0,54301000.0,54301000.0,4680000.0,14456000.0,12506000.0,22659000.0,2025-2026,Premier League
