player,team_name,primary_main_position,secondary_main_position,competition_name,avg_xP,total_xP,total_completed,total_xP_difference,num_passes,avg_xP_difference
Abbie Magee,Northern Ireland,Defender,Midfielder,Europe - UEFA Women's Euro,0.7330493087678545,27.85587373317847,27,0.8558737331784698,38,0.022522992978380785
Ada Stolsmo Hegerberg,Norway Women's,Forward,,Europe - UEFA Women's Euro,0.7800836310955466,96.73037025584777,83,13.730370255847774,124,0.11072879238586915
Adelina Engman,WNT Finland,Midfielder,,Europe - UEFA Women's Euro,0.7369916894789716,16.950808858016348,13,3.950808858016348,23,0.17177429817462384
Adriana Achcińska,Poland Women's,Midfielder,,Europe - UEFA Women's Euro,0.7596909904119697,72.17064408913713,63,9.170644089137127,95,0.09653309567512766
Adriana Nanclares Romero,Spain Women's,Goalkeeper,,Europe - UEFA Women's Euro,0.8674814475569707,67.66355290944371,73,-5.336447090556291,78,-0.06841598834046526
Agla María Albertsdóttir,Iceland Women's,Forward,Midfielder,Europe - UEFA Women's Euro,0.6944966655309609,37.50281993867189,26,11.502819938671891,54,0.21301518404947947
Agnes Beever-Jones,England Women's,Forward,,Europe - UEFA Women's Euro,0.7104339636345434,17.760849090863584,17,0.7608490908635837,25,0.030433963634543346
Agnese Bonfantini,Italy Women's,Forward,,Europe - UEFA Women's Euro,0.6808142640690413,13.616285281380826,11,2.6162852813808257,20,0.13081426406904129
Aitana Bonmati Conca,Spain Women's,Midfielder,,Europe - UEFA Women's Euro,0.8418424061986253,551.4067760600996,570,-18.59322393990044,655,-0.028386601434962504
Alayah Pilgrim,Switzerland Women's,Midfielder,Forward,Europe - UEFA Women's Euro,0.7673880524507842,15.347761049015684,13,2.347761049015684,20,0.11738805245078421
Alessia Russo,England Women's,Forward,,Europe - UEFA Women's Euro,0.7865478324663656,118.7687227024212,116,2.7687227024212007,151,0.018335911936564243
Alex Greenwood,England Women's,Defender,,Europe - UEFA Women's Euro,0.7586789047935315,491.6239303062084,525,-33.37606969379158,648,-0.05150628039165367
Alexandra Jóhannsdóttir,Iceland Women's,Midfielder,,Europe - UEFA Women's Euro,0.7619176464714449,54.096152899472585,51,3.0961528994725853,71,0.04360778731651529
Alexandra Popp,Germany Women's,Forward,,Europe - UEFA Women's Euro,0.7184950049083964,68.25702546629765,57,11.257025466297648,95,0.11849500490839629
Alexia Putellas Segura,Spain Women's,Midfielder,,Europe - UEFA Women's Euro,0.8026420706650155,331.4911751846514,350,-18.50882481534859,413,-0.044815556453628544
Alice Sombath,France Women's,Defender,,Europe - UEFA Women's Euro,0.8373405133968861,148.20927087124883,159,-10.790729128751167,177,-0.06096457134887665
Alisha Lehmann,Switzerland Women's,Defender,Midfielder,Europe - UEFA Women's Euro,0.8597150579471653,2.579145173841496,2,0.5791451738414959,3,0.19304839128049864
Amaiur Sarriegi,Spain Women's,Forward,,Europe - UEFA Women's Euro,0.6626768724299238,1.9880306172897713,1,0.9880306172897713,3,0.3293435390965904
Amalie Jørgensen Vangsgaard,Denmark Women's,Forward,Defender,Europe - UEFA Women's Euro,0.6983804037329917,15.364368882125817,10,5.364368882125817,22,0.24383494918753712
Amalie Vevle Eikeland,Norway Women's,Forward,,Europe - UEFA Women's Euro,0.7925795502943824,40.4215570650135,33,7.421557065013502,51,0.14552072676497063
Amanda Ilestedt,Sweden Women's,Defender,,Europe - UEFA Women's Euro,0.7684567773474751,205.9464163291233,210,-4.053583670876691,268,-0.015125312204763772
Amanda Jacobsen Andradóttir,Iceland Women's,Midfielder,,Europe - UEFA Women's Euro,0.5568324790287832,4.4546598322302655,4,0.4546598322302655,8,0.05683247902878319
Amanda Nildén,Sweden Women's,Defender,,Europe - UEFA Women's Euro,0.6830613900076464,65.57389344073405,67,-1.4261065592659463,96,-0.014855276659020275
Amanda Rantanen,WNT Finland,Forward,Midfielder,Europe - UEFA Women's Euro,0.8726403230439089,2.6179209691317267,1,1.6179209691317267,3,0.5393069897105756
Amber Tysiak,Belgium Women's,Defender,,Europe - UEFA Women's Euro,0.8120161080522836,89.3217718857512,97,-7.678228114248796,110,-0.06980207376589814
Amel Majri,France Women's,Midfielder,,Europe - UEFA Women's Euro,0.7711129578711359,54.74902000885065,55,-0.2509799911493502,71,-0.0035349294528077497
Ana Borges,Portugal Women's,Defender,Forward,Europe - UEFA Women's Euro,0.7182309917543122,117.78988264770719,115,2.789882647707188,164,0.01701147955919017
Ana Ines Palma Capeta,Portugal Women's,Forward,,Europe - UEFA Women's Euro,0.7222350601774603,26.72269722656603,20,6.72269722656603,37,0.18169451963691974
Ana Rita Silva Seiça,Portugal Women's,Defender,,Europe - UEFA Women's Euro,0.6572779562471025,14.460115037436255,16,-1.539884962563745,22,-0.06999477102562478
Ana-Maria Crnogorčević,Switzerland Women's,Defender,Midfielder,Europe - UEFA Women's Euro,0.7309056765202901,121.33034230236817,118,3.330342302368166,166,0.020062303026314253
Andreia Alexandra Norton,Portugal Women's,Midfielder,,Europe - UEFA Women's Euro,0.7622341562520245,122.71969915657594,114,8.719699156575942,161,0.0541596220905338
Andreia Martins Faria,Portugal Women's,Midfielder,Forward,Europe - UEFA Women's Euro,0.7371989687224225,14.006780405726028,12,2.006780405726028,19,0.10562002135400146
Andreia de Jesus Jacinto,Portugal Women's,Midfielder,,Europe - UEFA Women's Euro,0.7902442475618989,42.67318936834254,49,-6.326810631657459,54,-0.1171631598455085
Angharad James,Wales,Midfielder,,Europe - UEFA Women's Euro,0.8126461517957516,58.51052292929412,50,8.510522929294119,72,0.11820170735130721
Aniek Nouwen,Netherlands Women's,Defender,,Europe - UEFA Women's Euro,0.7448064327682195,53.6260631593118,57,-3.373936840688202,72,-0.046860233898447255
Anja Sønstevold,Norway Women's,Defender,,Europe - UEFA Women's Euro,0.777471069764572,33.4312559998766,33,0.4312559998765977,43,0.01002920929945576
Ann-Katrin Berger,Germany Women's,Goalkeeper,,Europe - UEFA Women's Euro,0.6349404750712708,186.03755919588235,199,-12.962440804117648,293,-0.044240412300742826
Anna Emlia Auvinen,WNT Finland,Defender,,Europe - UEFA Women's Euro,0.7641049615218084,9.1692595382617,10,-0.8307404617382996,12,-0.06922837181152497
Anna Koivunen,WNT Finland,Goalkeeper,,Europe - UEFA Women's Euro,0.7904301610551451,67.97699385074247,66,1.976993850742474,86,0.02298830059002877
Anna Langås Jøsendal,Norway Women's,Defender,,Europe - UEFA Women's Euro,0.7194253197884706,2.8777012791538823,2,0.8777012791538823,4,0.21942531978847057
Anna Åsa Olivia Westerlund,WNT Finland,Defender,,Europe - UEFA Women's Euro,0.7807959674688582,53.87492175535121,53,0.8749217553512096,69,0.012680025439872603
Annamaria Serturini,Italy Women's,Forward,,Europe - UEFA Women's Euro,0.8123956532659604,1.6247913065319208,1,0.6247913065319208,2,0.3123956532659604
Anni Hartikainen,WNT Finland,Defender,,Europe - UEFA Women's Euro,0.6061505991619085,1.212301198323817,1,0.212301198323817,2,0.1061505991619085
Arianna Caruso,Italy Women's,Midfielder,,Europe - UEFA Women's Euro,0.7409620336376463,147.45144469389163,148,-0.5485553061083692,199,-0.002756559327177735
Athenea del Castillo Belvide,Spain Women's,Forward,Midfielder,Europe - UEFA Women's Euro,0.7525632987838368,115.14218471392702,113,2.1421847139270227,153,0.014001207280568776
Aurora Galli,Italy Women's,Midfielder,,Europe - UEFA Women's Euro,0.873681113638528,8.73681113638528,10,-1.2631888636147206,10,-0.12631888636147207
Aïssatou Tounkara,France Women's,Defender,,Europe - UEFA Women's Euro,0.8534939950365962,83.64241151358642,87,-3.357588486413576,98,-0.034261107004220165
Barbara Bonansea,Italy Women's,Midfielder,Forward,Europe - UEFA Women's Euro,0.6738874830497265,80.19261048291744,66,14.192610482917445,119,0.11926563431023063
Barbara Dunst,Austria Women's,Midfielder,Forward,Europe - UEFA Women's Euro,0.6173193768485856,65.43585394595007,54,11.435853945950072,106,0.10788541458443464
Beatriz Pina Fonseca,Portugal Women's,Defender,,Europe - UEFA Women's Euro,0.8111178609578427,7.300060748620584,8,-0.6999392513794156,9,-0.07777102793104618
Berglind Björg Þorvaldsdóttir,Iceland Women's,Forward,,Europe - UEFA Women's Euro,0.8458817950752223,32.14350821285845,31,1.1435082128584497,38,0.030092321391011836
Berglind Rós Ágústsdóttir,Iceland Women's,Midfielder,,Europe - UEFA Women's Euro,0.8733111808833561,2.6199335426500685,3,-0.3800664573499315,3,-0.12668881911664384
Bethany Mead,England Women's,Forward,Midfielder,Europe - UEFA Women's Euro,0.7531048822712093,196.56037427278562,198,-1.439625727214377,261,-0.0055158073839631306
Caitlin Dijkstra,Netherlands Women's,Defender,,Europe - UEFA Women's Euro,0.7693634828131395,37.698810657843836,35,2.6988106578438362,49,0.05507776852742523
Caitlin Mcguinness,Northern Ireland,Forward,,Europe - UEFA Women's Euro,0.9192189114769348,2.7576567344308045,3,-0.2423432655691955,3,-0.08078108852306516
Carina Wenninger,Austria Women's,Defender,,Europe - UEFA Women's Euro,0.7382111662399342,121.80484242958914,125,-3.1951575704108564,165,-0.019364591335823373
Carlotta Wamser,Germany Women's,Defender,,Europe - UEFA Women's Euro,0.7654386328577684,125.53193578867402,135,-9.46806421132598,164,-0.05773209884954866
Carole da Silva Costa,Portugal Women's,Defender,,Europe - UEFA Women's Euro,0.8090626814847336,185.275354060004,191,-5.724645939996009,229,-0.024998453886445452
Carolina Mendes,Portugal Women's,Midfielder,,Europe - UEFA Women's Euro,0.6272401433691757,0.6272401433691757,0,0.6272401433691757,1,0.6272401433691757
Caroline Graham Hansen,Norway Women's,Midfielder,Forward,Europe - UEFA Women's Euro,0.7568779107362568,171.05440782639403,155,16.054407826394026,226,0.07103720277165498
Carrie Jones,Wales,Midfielder,Forward,Europe - UEFA Women's Euro,0.7219830494792197,11.551728791667514,9,2.5517287916675144,16,0.15948304947921965
Catalina Thomas Coll Lluch,Spain Women's,Goalkeeper,,Europe - UEFA Women's Euro,0.779559276961351,74.83769058828969,82,-7.162309411710311,96,-0.07460738970531573
Catarina Amado,Portugal Women's,Defender,,Europe - UEFA Women's Euro,0.7515859506723924,139.0434008743926,135,4.043400874392603,185,0.021856220942662718
Cecilia Salvai,Italy Women's,Defender,,Europe - UEFA Women's Euro,0.7553501298845855,162.4002779251859,182,-19.59972207481411,215,-0.09116149802239121
Cecilie Fiskerstrand,Norway Women's,Goalkeeper,,Europe - UEFA Women's Euro,0.6648051140325979,78.44700345584656,79,-0.5529965441534443,118,-0.004686411391130884
Cecilía Rán Rúnarsdóttir,Iceland Women's,Goalkeeper,,Europe - UEFA Women's Euro,0.771036332797805,102.54783226210807,112,-9.452167737891926,133,-0.07106893036008967
Celin Bizet Ildhusøy,Norway Women's,Forward,Midfielder,Europe - UEFA Women's Euro,0.8403380493849968,46.218592716174825,43,3.2185927161748253,55,0.05851986756681501
Ceri Holland,Wales,Midfielder,Forward,Europe - UEFA Women's Euro,0.6422581044435208,37.25097005772421,27,10.25097005772421,58,0.17674086306421052
Charlotte Bilbault,France Women's,Midfielder,,Europe - UEFA Women's Euro,0.8489517516694276,158.75397756218297,149,9.753977562182968,187,0.052160307819160256
Chasity Grant,Netherlands Women's,Forward,Midfielder,Europe - UEFA Women's Euro,0.7629733131810738,37.38569234587261,36,1.385692345872613,49,0.028279435630053324
Chloe Kelly,England Women's,Forward,Midfielder,Europe - UEFA Women's Euro,0.6737151829370722,111.836720367554,107,4.836720367553994,166,0.029136869684060204
Chloe Mccarron,Northern Ireland,Midfielder,,Europe - UEFA Women's Euro,0.8999403803011483,56.696243958972346,53,3.696243958972346,63,0.058670539031307076
Clara Mateo,France Women's,Forward,Midfielder,Europe - UEFA Women's Euro,0.7316857610670016,121.45983633712225,119,2.4598363371222547,166,0.014818291187483462
Claudia Pina Medina,Spain Women's,Forward,Midfielder,Europe - UEFA Women's Euro,0.7179730247975492,165.85176872823388,173,-7.148231271766122,231,-0.03094472412019966
Cora Zicai,Germany Women's,Forward,,Europe - UEFA Women's Euro,0.9505859993664871,0.9505859993664871,1,-0.04941400063351287,1,-0.04941400063351287
Cornelia Kramer,Denmark Women's,Forward,,Europe - UEFA Women's Euro,0.7270604940588491,4.362362964353094,4,0.36236296435309434,6,0.06039382739218239
Coumba Sow,Switzerland Women's,Midfielder,,Europe - UEFA Women's Euro,0.7739601364428219,60.36889064254011,51,9.368890642540109,78,0.12011398259666806
Cristiana Girelli,Italy Women's,Forward,,Europe - UEFA Women's Euro,0.7078062437018,124.5738988915168,114,10.573898891516805,176,0.0600789709745273
Cristina Martín-Prieto Gutierrez,Spain Women's,Forward,,Europe - UEFA Women's Euro,0.7839914252976296,8.623905678273925,5,3.6239056782739247,11,0.32944597075217497
Dagný Brynjarsdóttir,Iceland Women's,Midfielder,,Europe - UEFA Women's Euro,0.6858850605451242,113.85692005049061,93,20.856920050490615,166,0.1256440966897025
Damaris Berta Egurrola Wienke,Netherlands Women's,Midfielder,Defender,Europe - UEFA Women's Euro,0.7889848077443408,41.02721000270572,41,0.027210002705722047,52,0.0005232692828023471
Daniela Sabatino,Italy Women's,Forward,,Europe - UEFA Women's Euro,0.7408837428315005,4.445302456989003,4,0.44530245698900295,6,0.07421707616483382
Danielle van de Donk,Netherlands Women's,Midfielder,Forward,Europe - UEFA Women's Euro,0.8031691882534332,167.86236034496753,164,3.8623603449675272,209,0.01848019303812214
Daphne van Domselaar,Netherlands Women's,Goalkeeper,,Europe - UEFA Women's Euro,0.827541600743497,214.33327459256574,224,-9.666725407434257,259,-0.037323264121367786
Davina Philtjens,Belgium Women's,Defender,,Europe - UEFA Women's Euro,0.7270715424122507,97.42758668324159,96,1.4275866832415858,134,0.010653631964489447
Delphine Cascarino,France Women's,Forward,,Europe - UEFA Women's Euro,0.7486701776778122,193.15690584087554,195,-1.8430941591244618,258,-0.00714377581055993
Demi Vance,Northern Ireland,Defender,,Europe - UEFA Women's Euro,0.6404048394961891,55.71522103616845,46,9.715221036168451,87,0.11166920731228104
Diana Catarina Ribeiro Gomes,Portugal Women's,Defender,,Europe - UEFA Women's Euro,0.7513503367557762,207.37269294459423,210,-2.6273070554057654,276,-0.009519228461615093
Diana Micaela Abreu de Sousa e Silva,Portugal Women's,Forward,Midfielder,Europe - UEFA Women's Euro,0.8139931209552074,118.02900253850507,109,9.029002538505068,145,0.062268983024172886
Dolores Isabel Jacome Silva,Portugal Women's,Midfielder,Defender,Europe - UEFA Women's Euro,0.8437758514150001,70.033395667445,70,0.03339566744500644,83,0.0004023574390964631
Dominika Grabowska,Poland Women's,Midfielder,,Europe - UEFA Women's Euro,0.6657187620456764,15.977250289096233,14,1.977250289096233,24,0.08238542871234304
Dominique Johanna Anna Petrone Janssen,Netherlands Women's,Defender,,Europe - UEFA Women's Euro,0.8011128773774514,368.51192359362767,373,-4.488076406372329,460,-0.009756687839939845
Elena Dhont,Belgium Women's,Forward,Midfielder,Europe - UEFA Women's Euro,0.7228761049797356,60.72159281829779,43,17.721592818297793,84,0.21097134307497373
Elena Linari,Italy Women's,Defender,,Europe - UEFA Women's Euro,0.7992271566905065,330.88004286986967,359,-28.11995713013033,414,-0.06792260176359984
Elin Ingrid Johanna Rubensson,Sweden Women's,Midfielder,,Europe - UEFA Women's Euro,0.6113093021463425,2.44523720858537,2,0.44523720858536997,4,0.11130930214634249
Elisa Bartoli,Italy Women's,Defender,,Europe - UEFA Women's Euro,0.8082351523584249,94.56351282593572,100,-5.436487174064283,117,-0.04646570234242976
Elisa De Almeida,France Women's,Defender,,Europe - UEFA Women's Euro,0.7422861290317697,124.70406967733732,122,2.7040696773373156,168,0.016095652841293544
Elisa Senß,Germany Women's,Midfielder,,Europe - UEFA Women's Euro,0.8469718150111438,142.29126492187217,146,-3.7087350781278303,168,-0.02207580403647518
Elisabeth Terland,Norway Women's,Forward,Midfielder,Europe - UEFA Women's Euro,0.7577941688785915,16.671471715329012,15,1.6714717153290124,22,0.07597598706040966
Elisabetta Oliviero,Italy Women's,Defender,,Europe - UEFA Women's Euro,0.6734066538512897,81.48220511600606,82,-0.5177948839939432,121,-0.004279296561933415
Elise Hughes,Wales,Forward,,Europe - UEFA Women's Euro,0.78737655471745,1.5747531094349,1,0.5747531094349001,2,0.28737655471745005
Ella Palis,France Women's,Midfielder,,Europe - UEFA Women's Euro,0.8093262546721661,23.47046138549282,27,-3.5295386145071816,29,-0.12170822808645454
Ella Powell,Wales,Defender,,Europe - UEFA Women's Euro,0.7167064872978408,16.48424920785034,18,-1.5157507921496602,23,-0.06590220835433305
Ella Toone,England Women's,Midfielder,,Europe - UEFA Women's Euro,0.7914577610112175,233.48003949830914,227,6.480039498309139,295,0.021966235587488607
Ella Van Kerkhoven,Belgium Women's,Defender,Forward,Europe - UEFA Women's Euro,0.3528454422977161,1.0585363268931482,1,0.05853632689314825,3,0.01951210896438275
Ellen Wangerheim,Sweden Women's,Forward,,Europe - UEFA Women's Euro,0.9030096715083344,4.515048357541672,5,-0.484951642458328,5,-0.0969903284916656
Ellen White,England Women's,Forward,,Europe - UEFA Women's Euro,0.7358638933734205,33.11387520180392,30,3.1138752018039213,45,0.06919722670675381
Elli Pikkujämsä,WNT Finland,Defender,,Europe - UEFA Women's Euro,0.702062045395363,72.31239067572238,71,1.3123906757223835,103,0.012741657045848384
Elísa Vidarsdóttir,Iceland Women's,Defender,,Europe - UEFA Women's Euro,0.5916513908057077,10.649725034502739,11,-0.35027496549726145,18,-0.019459720305403414
Emilia Urszula Szymczak,Poland Women's,Defender,,Europe - UEFA Women's Euro,0.7801807492798233,77.2378941787025,81,-3.762105821297496,99,-0.03800106890199491
Emilie Marie Woldvik,Norway Women's,Defender,,Europe - UEFA Women's Euro,0.7066614637723063,34.62641172484301,36,-1.3735882751569903,49,-0.02803241377871409
Emily Wilson,Northern Ireland,Forward,,Europe - UEFA Women's Euro,0.7904884141861351,4.742930485116811,6,-1.257069514883189,6,-0.20951158581386484
Emma Severini,Italy Women's,Midfielder,,Europe - UEFA Women's Euro,0.7806085630909666,75.71903061982376,69,6.719030619823755,97,0.06926835690539954
Emma Skou Færge,Denmark Women's,Defender,,Europe - UEFA Women's Euro,0.7069138713064886,96.84720036898895,104,-7.1527996310110495,137,-0.052210216284752184
Emma Snerle,Denmark Women's,Midfielder,,Europe - UEFA Women's Euro,0.7612839423490506,35.019061348056326,35,0.019061348056325755,46,0.00041437713165925555
Emma Stina Blackstenius,Sweden Women's,Forward,,Europe - UEFA Women's Euro,0.7905645456048185,121.74694002314205,103,18.746940023142045,154,0.12173337677364965
Emma Wilhelmina Koivisto,WNT Finland,Defender,,Europe - UEFA Women's Euro,0.7699457186994595,158.60881805208865,162,-3.391181947911349,206,-0.016462048290831793
Emmi Alanen,WNT Finland,Midfielder,,Europe - UEFA Women's Euro,0.8783506063554289,114.18557882620576,107,7.185578826205756,130,0.05527368327850581
Eseosa Aigbogun,Switzerland Women's,Defender,,Europe - UEFA Women's Euro,0.6694185412886668,79.66080641335135,74,5.660806413351352,119,0.04756980179286851
Esme Beth Morgan,England Women's,Defender,,Europe - UEFA Women's Euro,0.8695239267063251,83.4742969638072,87,-3.5257030361927946,96,-0.03672607329367494
Esmee Brugts,Netherlands Women's,Forward,Defender,Europe - UEFA Women's Euro,0.6662224869153943,67.28847117845483,69,-1.7115288215451727,101,-0.01694582991628884
Essi Sainio,WNT Finland,Midfielder,,Europe - UEFA Women's Euro,0.7605624590634471,44.11262262567993,40,4.112622625679933,58,0.07090728664965401
Esther Gonzalez Rodríguez,Spain Women's,Forward,,Europe - UEFA Women's Euro,0.8245738895566912,87.40483229300926,87,0.4048322930092638,106,0.0038191725755590926
Esther Morgan,Wales,Defender,,Europe - UEFA Women's Euro,0.6892691888575275,40.666882142594126,31,9.666882142594126,59,0.16384546004396824
Eva Nyström,WNT Finland,Defender,,Europe - UEFA Women's Euro,0.8745488066290883,209.8917135909812,216,-6.1082864090188025,240,-0.025451193370911677
Eva Sofia Jakobsson,Sweden Women's,Forward,,Europe - UEFA Women's Euro,0.5663920398609944,10.195056717497899,7,3.1950567174978985,18,0.17750315097210548
Eve Perisset,France Women's,Defender,,Europe - UEFA Women's Euro,0.774333343346985,214.49033610711484,228,-13.509663892885158,277,-0.04877134979380923
Eveliina Summanen,WNT Finland,Midfielder,,Europe - UEFA Women's Euro,0.7723714939794523,238.66279163965075,224,14.662791639650749,309,0.047452400128319576
Ewa Pajor,Poland Women's,Forward,,Europe - UEFA Women's Euro,0.785762236259073,55.78911877439419,45,10.78911877439419,71,0.15195941935766463
Ewelina Kamczyk,Poland Women's,Midfielder,,Europe - UEFA Women's Euro,0.7461823958578752,56.70986208519851,50,6.709862085198509,76,0.08828765901576985
Fabienne Humm,Switzerland Women's,Forward,Midfielder,Europe - UEFA Women's Euro,0.7558198309292461,5.290738816504723,5,0.29073881650472266,7,0.04153411664353181
Felicitas Rauch,Germany Women's,Defender,,Europe - UEFA Women's Euro,0.7085955237016953,187.77781378094926,201,-13.22218621905074,265,-0.04989504233604053
Ffion Morgan,Wales,Forward,,Europe - UEFA Women's Euro,0.8004600283474589,19.211040680339014,16,3.211040680339014,24,0.13379336168079226
Flaminia Simonetti,Italy Women's,Midfielder,,Europe - UEFA Women's Euro,0.7670612277861606,90.51322487876695,94,-3.4867751212330518,118,-0.029548941705364845
Francesca Kirby,England Women's,Midfielder,,Europe - UEFA Women's Euro,0.8072069260886292,116.23779735676261,120,-3.762202643237387,144,-0.026126407244704077
Francisca Ramos Ribeiro Nazareth Sousa,Portugal Women's,Midfielder,Forward,Europe - UEFA Women's Euro,0.7731881014394659,101.28764128857004,104,-2.7123587114299568,131,-0.020705028331526387
Franziska Kett,Germany Women's,Defender,,Europe - UEFA Women's Euro,0.7476904495439338,53.83371236716324,55,-1.166287632836763,72,-0.016198439344955042
Frederikke Thøgersen,Denmark Women's,Defender,,Europe - UEFA Women's Euro,0.7229364496900822,76.63126366714872,69,7.6312636671487155,106,0.07199305346366713
Frida Maanum,Norway Women's,Midfielder,Forward,Europe - UEFA Women's Euro,0.8158417835880353,178.66935060577973,187,-8.330649394220274,219,-0.038039494950777505
Fridolina Rolfö,Sweden Women's,Forward,Midfielder,Europe - UEFA Women's Euro,0.7253588479137121,172.63540580346347,164,8.63540580346347,238,0.036283217661611224
Fátima Alexandra Figueira Pinto,Portugal Women's,Midfielder,Defender,Europe - UEFA Women's Euro,0.7695933819716583,105.43429333011719,103,2.4342933301171854,137,0.017768564453410112
Féli Petra Delacauw,Belgium Women's,Forward,Midfielder,Europe - UEFA Women's Euro,0.7527840748262861,16.561249646178293,14,2.561249646178293,22,0.1164204384626497
Gaëlle Thalmann,Switzerland Women's,Goalkeeper,,Europe - UEFA Women's Euro,0.7661328817706398,98.06500886664189,98,0.06500886664188954,128,0.000507881770639762
Gemma Evans,Wales,Defender,,Europe - UEFA Women's Euro,0.7874571820456567,55.90945992524163,52,3.9094599252416273,71,0.055062815848473626
Georgia Stanway,England Women's,Midfielder,,Europe - UEFA Women's Euro,0.8371853021498172,352.45501220507305,347,5.4550122050730465,421,0.012957273646254267
Giada Greggi,Italy Women's,Midfielder,,Europe - UEFA Women's Euro,0.7585864561458193,37.929322807290966,38,-0.07067719270903439,50,-0.0014135438541806877
Giovanna Hoffmann,Germany Women's,Forward,,Europe - UEFA Women's Euro,0.7882431013110384,37.83566886292984,31,6.835668862929843,48,0.14240976797770508
Giulia Gwinn,Germany Women's,Defender,,Europe - UEFA Women's Euro,0.761304254375621,293.8634421889897,289,4.863442188989723,386,0.01259959116318581
Glódís Perla Viggósdóttir,Iceland Women's,Defender,,Europe - UEFA Women's Euro,0.7503799590329592,166.58435090531694,173,-6.4156490946830615,222,-0.028899320246320095
Grace Clinton,England Women's,Midfielder,,Europe - UEFA Women's Euro,0.8348130485212492,17.53107401894623,16,1.5310740189462315,21,0.07290828661648721
Griedge Mbock Bathy Nka,France Women's,Defender,,Europe - UEFA Women's Euro,0.824388050169074,192.90680373956332,216,-23.093196260436684,234,-0.09868887290784908
Gun Nathalie Björn,Sweden Women's,Defender,Midfielder,Europe - UEFA Women's Euro,0.7652437684683738,316.8109201459068,334,-17.189079854093222,414,-0.04151951655578073
Gunnhildur Yrsa Jónsdóttir,Iceland Women's,Midfielder,,Europe - UEFA Women's Euro,0.7484566093457927,31.435177592523292,26,5.435177592523292,42,0.12940899029817363
Guro Bergsvand,Norway Women's,Defender,Midfielder,Europe - UEFA Women's Euro,0.8380748693204607,85.48363667068699,90,-4.516363329313009,102,-0.04427807185600989
Guro Pettersen,Norway Women's,Goalkeeper,,Europe - UEFA Women's Euro,0.6970758796865371,52.977766856176814,59,-6.022233143823186,76,-0.07923990978714719
Guro Reiten,Norway Women's,Forward,Midfielder,Europe - UEFA Women's Euro,0.7059911708442549,156.02404875658033,146,10.024048756580328,221,0.04535768668135895
Guðný Árnadóttir,Iceland Women's,Defender,,Europe - UEFA Women's Euro,0.6344000521144701,43.77360359589844,44,-0.22639640410155693,69,-0.0032811073058196657
Guðrún Arnardóttir,Iceland Women's,Defender,,Europe - UEFA Women's Euro,0.7036825523163757,148.47701853875526,139,9.47701853875526,211,0.0449147798045273
Géraldine Reuteler,Switzerland Women's,Midfielder,Forward,Europe - UEFA Women's Euro,0.8018137613183882,205.26432289750738,202,3.264322897507384,256,0.012751261318388218
Hafrún Rakel Halldórsdóttir,Iceland Women's,Forward,,Europe - UEFA Women's Euro,0.6951051653090852,3.4755258265454256,1,2.4755258265454256,5,0.4951051653090851
Hallbera Guðný Gísladóttir,Iceland Women's,Defender,,Europe - UEFA Women's Euro,0.5848259993355378,69.00946792159345,70,-0.9905320784065452,118,-0.008394339647513096
Hanna Erica Maria Glas,Sweden Women's,Defender,,Europe - UEFA Women's Euro,0.7343890337065371,157.89364224690547,163,-5.106357753094528,215,-0.02375050117718385
Hanna Lundkvist,Sweden Women's,Defender,,Europe - UEFA Women's Euro,0.725584947225033,110.28891197820501,110,0.28891197820500736,152,0.0019007366987171537
Hanna Ulrika Bennison,Sweden Women's,Midfielder,Defender,Europe - UEFA Women's Euro,0.7377202549475351,61.230781160645414,59,2.2307811606454138,83,0.026876881453559202
Hannah Cain,Wales,Midfielder,Forward,Europe - UEFA Women's Euro,0.6603491647700805,14.527681624941772,9,5.527681624941772,22,0.2512582556791715
Hannah Eurlings,Belgium Women's,Forward,,Europe - UEFA Women's Euro,0.8319506363769122,64.06019900102224,58,6.060199001022241,77,0.07870388313015897
Hannah Hampton,England Women's,Goalkeeper,,Europe - UEFA Women's Euro,0.6838510320484503,193.52984206971144,203,-9.470157930288565,283,-0.033463455584058534
Hayley Ladd,Wales,Midfielder,,Europe - UEFA Women's Euro,0.739988624241494,16.27974973331287,11,5.279749733312869,22,0.23998862424149403
Heidi Kollanen,WNT Finland,Midfielder,,Europe - UEFA Women's Euro,0.7836232543677905,5.485362780574533,6,-0.5146372194254667,7,-0.07351960277506667
Hildur Antonsdóttir,Iceland Women's,Midfielder,,Europe - UEFA Women's Euro,0.8078095756122212,25.042096843978857,23,2.0420968439788574,31,0.06587409174125346
Hlín Eiríksdóttir,Iceland Women's,Forward,Midfielder,Europe - UEFA Women's Euro,0.63647387160425,12.729477432085,11,1.729477432085,20,0.08647387160424999
Iman Beney,Switzerland Women's,Defender,Forward,Europe - UEFA Women's Euro,0.7246671613629534,83.33672355673964,77,6.336723556739642,115,0.05510194397164906
Ingibjörg Sigurðardóttir,Iceland Women's,Defender,,Europe - UEFA Women's Euro,0.8004527621063768,121.66881984016928,121,0.6688198401692773,152,0.004400130527429456
Ingrid Filippa Angeldal,Sweden Women's,Midfielder,,Europe - UEFA Women's Euro,0.7195814082007382,260.48846976866724,249,11.488469768667244,362,0.03173610433333493
Ingrid Syrstad Engen,Norway Women's,Midfielder,,Europe - UEFA Women's Euro,0.8111058085753471,214.943039272467,209,5.94303927246699,265,0.022426563292328266
Inês Teixeira Pereira,Portugal Women's,Goalkeeper,,Europe - UEFA Women's Euro,0.6841399845581121,56.783618718323304,53,3.7836187183233037,83,0.04558576769064221
Irene Guerrero Sanmartín,Spain Women's,Midfielder,,Europe - UEFA Women's Euro,0.7185411800913172,26.586023663378736,25,1.586023663378736,37,0.04286550441564151
Irene Paredes Hernandez,Spain Women's,Defender,,Europe - UEFA Women's Euro,0.8547231256881911,706.856024944134,746,-39.14397505586601,827,-0.047332497044578
Jackie Groenen,Netherlands Women's,Midfielder,,Europe - UEFA Women's Euro,0.8239496344793685,206.8113582543215,203,3.8113582543215045,251,0.015184694240324719
Jacqueline Burns,Northern Ireland,Goalkeeper,,Europe - UEFA Women's Euro,0.6535323238077849,100.64397786639888,106,-5.356022133601115,154,-0.03477936450390335
Jana Fernandez Velasco,Spain Women's,Defender,,Europe - UEFA Women's Euro,0.8369305988898059,106.29018605900535,117,-10.70981394099465,127,-0.08432924362987913
Janice Cayman,Belgium Women's,Defender,Forward,Europe - UEFA Women's Euro,0.7285568758054776,166.83952455945436,143,23.83952455945436,229,0.10410272733386183
Janina Minge,Germany Women's,Defender,Midfielder,Europe - UEFA Women's Euro,0.8500553701230873,249.06622344606458,263,-13.933776553935417,293,-0.04755555137861917
Janni Thomsen,Denmark Women's,Midfielder,Defender,Europe - UEFA Women's Euro,0.6644615577622269,101.66261833762071,87,14.662618337620714,153,0.09583410678183472
Jarne Teulings,Belgium Women's,Midfielder,,Europe - UEFA Women's Euro,0.799436003083163,67.95206026206885,67,0.952060262068855,85,0.01120070896551594
Jassina Blom,Belgium Women's,Forward,Midfielder,Europe - UEFA Women's Euro,0.6678060959913483,8.681479247887529,9,-0.31852075211247133,13,-0.024501596316343948
Jennifer Miley Falk,Sweden Women's,Goalkeeper,,Europe - UEFA Women's Euro,0.5827997485623712,72.8499685702964,80,-7.150031429703603,125,-0.05720025143762882
Jenny Danielsson,WNT Finland,Defender,Forward,Europe - UEFA Women's Euro,0.7957549490011541,4.774529694006924,4,0.7745296940069242,6,0.12908828233448735
Jessica Carter,England Women's,Defender,,Europe - UEFA Women's Euro,0.8609143741346778,241.91693913184446,250,-8.083060868155542,281,-0.028765341167813315
Jessica Fishlock,Wales,Forward,,Europe - UEFA Women's Euro,0.76410162345955,47.3743006544921,43,4.374300654492103,62,0.07055323636277586
Jessica Park,England Women's,Midfielder,,Europe - UEFA Women's Euro,0.8363573230303157,21.74529039878821,23,-1.2547096012117898,26,-0.04825806158506884
Jill Janssens,Belgium Women's,Defender,,Europe - UEFA Women's Euro,0.7784669244827659,52.93575086482808,51,1.93575086482808,68,0.02846692448276588
Jill Roord,Netherlands Women's,Forward,Midfielder,Europe - UEFA Women's Euro,0.8502643416591152,169.20260399016394,169,0.2026039901639365,199,0.0010181105033363644
Jill Scott,England Women's,Midfielder,,Europe - UEFA Women's Euro,0.7733757868518775,20.107770458148813,17,3.1077704581488135,26,0.1195296330057236
Joana Filipa Gaspar Silva Marchão,Portugal Women's,Defender,,Europe - UEFA Women's Euro,0.7085787659382621,158.7216435701707,165,-6.2783564298293015,224,-0.02802837691888081
Joanna Tynnilä,WNT Finland,Defender,,Europe - UEFA Women's Euro,0.7758292076462576,138.8734281686801,145,-6.126571831319893,179,-0.03422665827553013
Jody Vangheluwe,Belgium Women's,Defender,,Europe - UEFA Women's Euro,0.689688037682969,68.27911573061394,68,0.27911573061393824,99,0.0028193508142822046
Joely Andrews,Northern Ireland,Midfielder,,Europe - UEFA Women's Euro,0.7953192362063216,3.976596181031608,3,0.9765961810316082,5,0.19531923620632163
Johanna Rytting-Kaneryd,Sweden Women's,Forward,Defender,Europe - UEFA Women's Euro,0.7030216974573563,158.17988192790517,152,6.179881927905171,225,0.027466141901800762
Jonna Ann-Charlotte Andersson,Sweden Women's,Defender,,Europe - UEFA Women's Euro,0.680760414370401,198.7820409961571,202,-3.217959003842907,292,-0.011020407547407216
Josefine Hasbo,Denmark Women's,Midfielder,,Europe - UEFA Women's Euro,0.8541176791418456,56.37176682336181,52,4.37176682336181,66,0.06623889126305772
Josie Green,Wales,Defender,,Europe - UEFA Women's Euro,0.6870304917473645,48.09213442231552,42,6.092134422315517,70,0.08703049174736453
Jule Brand,Germany Women's,Forward,Midfielder,Europe - UEFA Women's Euro,0.7388099622160169,144.0679426321233,132,12.067942632123305,195,0.06188688529294003
Julia Hickelsberger Füller,Austria Women's,Midfielder,Forward,Europe - UEFA Women's Euro,0.6031361830801015,33.17249006940558,27,6.172490069405583,55,0.11222709217101061
Julia Stierli,Switzerland Women's,Defender,,Europe - UEFA Women's Euro,0.7221466712548346,72.93681379673829,72,0.9368137967382921,101,0.009275384126121704
Julia Zigiotti-Olme,Sweden Women's,Midfielder,,Europe - UEFA Women's Euro,0.7313840682797277,91.42300853496596,87,4.423008534965959,125,0.03538406827972767
Julie Biesmans,Belgium Women's,Midfielder,Defender,Europe - UEFA Women's Euro,0.8810603401505034,118.06208558016745,112,6.062085580167448,134,0.045239444628115286
Julie Blakstad,Norway Women's,Defender,,Europe - UEFA Women's Euro,0.7869119375341503,94.42943250409805,102,-7.570567495901955,120,-0.06308806246584962
Julie Nelson,Northern Ireland,Defender,,Europe - UEFA Women's Euro,0.7659337614530778,65.10436972351161,54,11.10436972351161,85,0.13063964380601895
Julie Piga,Italy Women's,Defender,,Europe - UEFA Women's Euro,0.6706816702003386,23.473858457011854,28,-4.526141542988146,35,-0.12931832979966132
Juliette Kemppi,WNT Finland,Forward,,Europe - UEFA Women's Euro,0.845607652926108,12.68411479389162,11,1.68411479389162,15,0.11227431959277467
Justine Kvaleng Kielland,Norway Women's,Midfielder,,Europe - UEFA Women's Euro,0.8410753211953286,27.755485599445844,32,-4.244514400554156,33,-0.1286216485016411
Justine Vanhaevermaet,Belgium Women's,Midfielder,,Europe - UEFA Women's Euro,0.7568774758259643,168.78367710919005,164,4.783677109190052,223,0.021451466857354492
Jutta Rantala,WNT Finland,Forward,,Europe - UEFA Women's Euro,0.7106906314682674,12.081740734960546,8,4.081740734960546,17,0.24010239617414975
Jéssica da Silva,Portugal Women's,Forward,,Europe - UEFA Women's Euro,0.7216897791272657,54.84842321367219,52,2.8484232136721914,76,0.0374792528114762
Kadidiatou Diani,France Women's,Forward,Midfielder,Europe - UEFA Women's Euro,0.7683869962450951,172.8870741551464,176,-3.1129258448536063,225,-0.01383522597712714
Karen Holmgaard,Denmark Women's,Midfielder,,Europe - UEFA Women's Euro,0.7538089920096378,70.10423625689631,65,5.104236256896314,93,0.054884260826842085
Karina Sævik,Norway Women's,Forward,Midfielder,Europe - UEFA Women's Euro,0.7487846386175088,21.714754519907753,20,1.7147545199077534,29,0.05912946620371563
Karólína Lea Vilhjálmsdóttir,Iceland Women's,Midfielder,Forward,Europe - UEFA Women's Euro,0.6191078534868096,112.67762933459935,104,8.677629334599345,182,0.04767928205823816
Kassandra Ndoutou Eboa Missipo,Belgium Women's,Midfielder,Forward,Europe - UEFA Women's Euro,0.7168802486952992,2.867520994781197,2,0.8675209947811968,4,0.2168802486952992
Katharina Naschenweng,Austria Women's,Midfielder,Forward,Europe - UEFA Women's Euro,0.6197259703108791,14.873423287461097,13,1.8734232874610974,24,0.07805930364421239
Katharina Schiechtl,Austria Women's,Defender,,Europe - UEFA Women's Euro,0.7160217906763569,32.93700237111241,32,0.9370023711124134,46,0.020369616763313333
Kathrin Julia Hendrich,Germany Women's,Defender,,Europe - UEFA Women's Euro,0.8108861989393794,291.1081454192372,300,-8.89185458076281,359,-0.024768397160899194
Kathrine Møller Kühl,Denmark Women's,Midfielder,Forward,Europe - UEFA Women's Euro,0.8603721134293486,65.3882806206305,66,-0.6117193793695037,76,-0.008048939202230312
Katla Tryggvadóttir,Iceland Women's,Forward,Defender,Europe - UEFA Women's Euro,0.7515965466969694,9.770755107060602,8,1.7707551070606016,13,0.13621193131235396
Katriina Talaslahti,WNT Finland,Goalkeeper,,Europe - UEFA Women's Euro,0.656916391128603,30.218153991915738,28,2.218153991915738,46,0.04822073895468996
Katrine Veje,Denmark Women's,Defender,,Europe - UEFA Women's Euro,0.7716885426649311,251.57046490876755,242,9.570464908767548,326,0.029357254321372844
Kayla Joan Zophia Adamek,Poland Women's,Midfielder,,Europe - UEFA Women's Euro,0.7109740226180833,4.976818158326583,4,0.9768181583265827,7,0.1395454511895118
Kayleigh Anne Marie Barton,Wales,Midfielder,Defender,Europe - UEFA Women's Euro,0.7463213999771598,18.658034999428995,16,2.6580349994289953,25,0.10632139997715981
Keira Walsh,England Women's,Midfielder,,Europe - UEFA Women's Euro,0.811970863729853,558.6359542461389,577,-18.36404575386109,688,-0.026691926967821356
Kelly Gago,France Women's,Midfielder,,Europe - UEFA Women's Euro,0.8002996064386702,14.405392915896062,16,-1.594607084103938,18,-0.08858928245021877
Kelsie Burrows,Northern Ireland,Midfielder,Defender,Europe - UEFA Women's Euro,0.8373789503283107,22.60923165886439,22,0.6092316588643882,27,0.02256413551349586
Kenza Dali,France Women's,Midfielder,,Europe - UEFA Women's Euro,0.8437423655654331,8.437423655654332,6,2.4374236556543316,10,0.24374236556543316
Kerstin Yasmijn Casparij,Netherlands Women's,Defender,,Europe - UEFA Women's Euro,0.7659461988820224,179.23141053839325,180,-0.7685894616067515,234,-0.003284570348746801
Kinga Szemik,Poland Women's,Goalkeeper,,Europe - UEFA Women's Euro,0.7348484665561266,101.40908838474547,111,-9.590911615254527,138,-0.0694993595308299
Kirsty McGuinness,Northern Ireland,Forward,,Europe - UEFA Women's Euro,0.7256816060038497,19.593403362103942,10,9.593403362103942,27,0.3553112356334793
Klara Bühl,Germany Women's,Forward,Midfielder,Europe - UEFA Women's Euro,0.6921385244220433,216.63935814409953,192,24.639358144099532,313,0.07871999407060554
Klaudia Jedlińska,Poland Women's,Midfielder,,Europe - UEFA Women's Euro,0.6526134320841311,3.263067160420656,2,1.2630671604206558,5,0.2526134320841312
Klaudia Słowińska,Poland Women's,Midfielder,,Europe - UEFA Women's Euro,0.6356509788677415,3.8139058732064486,3,0.8139058732064486,6,0.13565097886774144
Kosovare Asllani,Sweden Women's,Midfielder,Forward,Europe - UEFA Women's Euro,0.6738967233802361,210.25577769463368,199,11.255777694633679,312,0.03607621055972333
Laia Aleixandri López,Spain Women's,Defender,Midfielder,Europe - UEFA Women's Euro,0.8594731375893646,364.4166103378906,396,-31.583389662109425,424,-0.07448912656157883
Lara Marti,Switzerland Women's,Midfielder,,Europe - UEFA Women's Euro,0.5441815899311742,2.720907949655871,2,0.7209079496558708,5,0.14418158993117416
Laura De Neve,Belgium Women's,Defender,,Europe - UEFA Women's Euro,0.7837383282946022,123.83065587054715,132,-8.169344129452853,158,-0.05170470968008135
Laura Deloose,Belgium Women's,Defender,,Europe - UEFA Women's Euro,0.6748855268236922,116.75519614049874,118,-1.2448038595012605,173,-0.007195398031799194
Laura Feiersinger,Austria Women's,Midfielder,,Europe - UEFA Women's Euro,0.8022199988535221,92.25529986815505,88,4.255299868155049,115,0.03700260754917434
Laura Freigang,Germany Women's,Midfielder,,Europe - UEFA Women's Euro,0.8122847973481604,38.9896702727117,36,2.989670272711699,48,0.06228479734816039
Laura Giuliani,Italy Women's,Goalkeeper,,Europe - UEFA Women's Euro,0.7875246154705207,218.14431848533422,236,-17.855681514665775,277,-0.06446094409626633
Laura Rafferty,Northern Ireland,Midfielder,,Europe - UEFA Women's Euro,0.5958632572763108,3.575179543657865,2,1.5751795436578648,6,0.2625299239429775
Laura Wienroither,Austria Women's,Defender,,Europe - UEFA Women's Euro,0.6894684277327023,89.63089560525131,90,-0.36910439474868895,130,-0.002839264574989915
Lauren Hemp,England Women's,Forward,Midfielder,Europe - UEFA Women's Euro,0.7089197217067537,280.73220979587444,260,20.73220979587444,396,0.05235406514109707
Lauren James,England Women's,Forward,Midfielder,Europe - UEFA Women's Euro,0.7601119491805003,130.73925525904605,141,-10.260744740953953,172,-0.059655492679964846
Lauren Wade,Northern Ireland,Forward,,Europe - UEFA Women's Euro,0.7288347448485956,25.509216069700845,21,4.5092160697008445,35,0.12883474484859556
Lea Schüller,Germany Women's,Forward,Midfielder,Europe - UEFA Women's Euro,0.75080863313184,46.55013525417408,43,3.55013525417408,62,0.057260246035065805
Leah Williamson,England Women's,Defender,,Europe - UEFA Women's Euro,0.8064413523218347,783.0545531045015,838,-54.94544689549855,971,-0.05658645406333527
Leila Ouahabi El Ouahabi,Spain Women's,Defender,,Europe - UEFA Women's Euro,0.8331663073496854,251.616224819605,272,-20.38377518039499,302,-0.06749594430594368
Leila Wandeler,Switzerland Women's,Forward,Defender,Europe - UEFA Women's Euro,0.7869620930037103,21.24797651110018,19,2.2479765111001804,27,0.08325838930000667
Lena Lattwein,Germany Women's,Midfielder,Defender,Europe - UEFA Women's Euro,0.8209493472152889,73.885441249376,69,4.885441249376001,90,0.05428268054862223
Lena Oberdorf,Germany Women's,Midfielder,,Europe - UEFA Women's Euro,0.7383480871705385,137.33274421372016,118,19.33274421372016,186,0.10393948502000087
Lene Christensen,Denmark Women's,Goalkeeper,,Europe - UEFA Women's Euro,0.592813779094382,46.832288548456184,47,-0.16771145154381628,79,-0.002122929766377421
Lia Wälti,Switzerland Women's,Midfielder,,Europe - UEFA Women's Euro,0.8212641794371031,280.0510851880521,285,-4.948914811947873,341,-0.014512946662603733
Lieke Martens,Netherlands Women's,Forward,,Europe - UEFA Women's Euro,0.8132987925643078,81.32987925643079,82,-0.670120743569214,100,-0.00670120743569214
Lily Woodham,Wales,Defender,,Europe - UEFA Women's Euro,0.6518221022327385,43.67208084959348,39,4.672080849593478,67,0.0697325499939325
Lina Magull,Germany Women's,Midfielder,,Europe - UEFA Women's Euro,0.7671748118970589,121.98079509163237,114,7.980795091632373,159,0.050193679821587255
Lina Mona Andréa Hurtig,Sweden Women's,Midfielder,Forward,Europe - UEFA Women's Euro,0.7304938875493001,73.77988264247931,61,12.779882642479308,101,0.12653349150969612
Linda Brigitta Sembrant,Sweden Women's,Defender,,Europe - UEFA Women's Euro,0.8057494142277154,130.5314051048899,140,-9.468594895110101,162,-0.058448116636482104
Linda Dallmann,Germany Women's,Midfielder,,Europe - UEFA Women's Euro,0.7925168042078614,129.97275589008927,120,9.972755890089275,164,0.0608094871346907
Linda Sällström,WNT Finland,Forward,,Europe - UEFA Women's Euro,0.809557248351885,59.90723637803949,50,9.907236378039492,74,0.13388157267620934
Lineth Beerensteyn,Netherlands Women's,Forward,Midfielder,Europe - UEFA Women's Euro,0.8307110274426515,54.82692781121499,51,3.8269278112149934,66,0.057983754715378685
Lisa Boattin,Italy Women's,Defender,,Europe - UEFA Women's Euro,0.7140423316367874,212.78461482776265,226,-13.215385172237347,298,-0.04434693010817902
Lisa Fjeldstad Naalsund,Norway Women's,Midfielder,,Europe - UEFA Women's Euro,0.7964517232713313,108.31743436490106,104,4.317434364901061,136,0.03174584091839015
Lisa Lichtfus,Belgium Women's,Goalkeeper,,Europe - UEFA Women's Euro,0.772396932209626,83.41886867863961,87,-3.581131321360388,108,-0.03315862334592952
Lisa Makas,Austria Women's,Forward,Midfielder,Europe - UEFA Women's Euro,0.6857954935365819,8.915341415975565,7,1.9153414159755648,13,0.14733395507504346
Livia Peng,Switzerland Women's,Goalkeeper,,Europe - UEFA Women's Euro,0.6368322005877336,75.7830318699403,78,-2.2169681300596977,119,-0.01862998428621595
Lois Joel,Wales,Forward,,Europe - UEFA Women's Euro,0.6226389127001085,3.1131945635005427,2,1.1131945635005427,5,0.22263891270010855
Lou Bogaert,France Women's,Defender,,Europe - UEFA Women's Euro,0.8159261255085083,31.821118894831823,36,-4.178881105168177,39,-0.1071507975684148
Louise McDaniel,Northern Ireland,Defender,,Europe - UEFA Women's Euro,0.9373914525597071,3.7495658102388285,4,-0.2504341897611715,4,-0.06260854744029287
Luana Bühler,Switzerland Women's,Defender,,Europe - UEFA Women's Euro,0.83167509866022,94.81096124726508,98,-3.189038752734916,114,-0.027974024146797512
Lucia Di Guglielmo,Italy Women's,Defender,Forward,Europe - UEFA Women's Euro,0.7257837511742422,166.9302627700757,177,-10.0697372299243,230,-0.04378146621706217
Lucy Bronze,England Women's,Defender,,Europe - UEFA Women's Euro,0.734698791350142,618.6163823168196,637,-18.383617683180432,842,-0.021833275158171534
Lucía García Córdoba,Spain Women's,Forward,Midfielder,Europe - UEFA Women's Euro,0.7748920094342251,24.796544301895203,25,-0.20345569810479702,32,-0.006357990565774907
Lynn Wilms,Netherlands Women's,Defender,,Europe - UEFA Women's Euro,0.7213954787374963,212.0902707488239,215,-2.9097292511760884,294,-0.009897038269306423
Lúcia Catarina Sousa Alves,Portugal Women's,Defender,,Europe - UEFA Women's Euro,0.7348759250099116,9.55338702512885,10,-0.44661297487114915,13,-0.034354844220857626
Maaria Roth,WNT Finland,Midfielder,,Europe - UEFA Women's Euro,0.667091202902425,2.6683648116097,3,-0.33163518839030015,4,-0.08290879709757504
Madelen Fatimma Maria Janogy,Sweden Women's,Forward,,Europe - UEFA Women's Euro,0.6527456544212786,30.02630010337882,28,2.0263001033788193,46,0.04405000224736564
Magdalena Lilly Eriksson,Sweden Women's,Defender,,Europe - UEFA Women's Euro,0.7577548514103161,237.93502334283923,239,-1.06497665716077,314,-0.0033916454049706048
Maite Zubieta Aranbarri,Spain Women's,Midfielder,,Europe - UEFA Women's Euro,0.9385128249580035,5.631076949748021,6,-0.36892305025197913,6,-0.06148717504199652
Maja Bay Østergaard,Denmark Women's,Goalkeeper,,Europe - UEFA Women's Euro,0.5640405416994866,42.30304062746149,46,-3.696959372538508,75,-0.049292791633846776
Manuela Giugliano,Italy Women's,Midfielder,,Europe - UEFA Women's Euro,0.7750187192473268,198.40479212731566,187,11.404792127315659,256,0.04454996924732679
Manuela Zinsberger,Austria Women's,Goalkeeper,,Europe - UEFA Women's Euro,0.7452237137208673,113.27400448557182,111,2.2740044855718224,152,0.014960555826130411
Maren Nævdal Mjelde,Norway Women's,Defender,,Europe - UEFA Women's Euro,0.8272885350838585,263.90504269175085,277,-13.09495730824915,319,-0.04105002290987194
Maria Thorisdottir,Norway Women's,Defender,,Europe - UEFA Women's Euro,0.8274118949308645,90.18789654746423,93,-2.8121034525357658,109,-0.025799114243447392
Mariam Abdulai Toloba,Belgium Women's,Midfielder,,Europe - UEFA Women's Euro,0.7496496513625939,47.22792803584341,42,5.227928035843412,63,0.08298298469592717
Marie Detruyer,Belgium Women's,Forward,Midfielder,Europe - UEFA Women's Euro,0.7227143237664092,18.06785809416023,15,3.067858094160229,25,0.12271432376640917
Marie Minnaert,Belgium Women's,Midfielder,Forward,Europe - UEFA Women's Euro,0.7920071027833273,28.512255700199784,23,5.512255700199784,36,0.15311821389443844
Marie Therese Höbinger,Austria Women's,Midfielder,,Europe - UEFA Women's Euro,0.6983275111621486,23.743135379513053,22,1.7431353795130526,34,0.05126868763273684
Marie-Antoinette Katoto,France Women's,Forward,,Europe - UEFA Women's Euro,0.8101132058129321,55.087697995279385,55,0.0876979952793846,68,0.0012896764011674205
Marina Georgieva,Austria Women's,Defender,Forward,Europe - UEFA Women's Euro,0.7887646111096817,57.57981661100676,58,-0.42018338899323737,73,-0.0057559368355238
Marina Hegering,Germany Women's,Defender,,Europe - UEFA Women's Euro,0.8184783832989633,261.0946042723693,266,-4.905395727630719,319,-0.015377416074077489
Marion Torrent,France Women's,Defender,,Europe - UEFA Women's Euro,0.6699025022025036,62.30093270483283,70,-7.699067295167168,93,-0.08278566984050718
Marisa Christiane Wilhelmina Olislagers,Netherlands Women's,Defender,,Europe - UEFA Women's Euro,0.7586178529580447,58.41357467776945,64,-5.5864253222305535,77,-0.0725509782107864
Marissa Callaghan,Northern Ireland,Midfielder,Forward,Europe - UEFA Women's Euro,0.8237426528422956,23.064794279584277,22,1.0647942795842766,28,0.03802836712800988
Marit Bratberg Lund,Norway Women's,Defender,,Europe - UEFA Women's Euro,0.7282826967395724,115.06866608485242,108,7.068666084852424,158,0.04473839294210395
Marta Cardona De Miguel,Spain Women's,Midfielder,Forward,Europe - UEFA Women's Euro,0.7681712588231531,29.95867909410297,28,1.958679094102969,39,0.050222540874435104
Marthine Østenstad,Norway Women's,Defender,,Europe - UEFA Women's Euro,0.7701847782647483,8.472032560912231,10,-1.527967439087769,11,-0.13890613082616082
Martina Lenzini,Italy Women's,Defender,Midfielder,Europe - UEFA Women's Euro,0.7007341615205522,79.88369441334295,84,-4.116305586657049,114,-0.03610794374260569
Martina Piemonte,Italy Women's,Forward,Midfielder,Europe - UEFA Women's Euro,0.7107795239560718,46.200669057144665,42,4.200669057144665,65,0.06462567780222563
Martina Rosucci,Italy Women's,Midfielder,,Europe - UEFA Women's Euro,0.7916500908164542,86.28985989899351,93,-6.710140101006488,109,-0.06156091835785769
Martyna Wiankowska,Poland Women's,Defender,,Europe - UEFA Women's Euro,0.6851837836681213,51.3887837751091,49,2.388783775109097,75,0.03185045033478796
Mary Alexandra Earps,England Women's,Goalkeeper,,Europe - UEFA Women's Euro,0.7579636496465292,119.75825664415161,123,-3.241743355848385,158,-0.02051736301169864
María Francesca Caldentey Oliver,Spain Women's,Forward,Midfielder,Europe - UEFA Women's Euro,0.7962644855198631,563.7552557480631,577,-13.244744251936936,708,-0.018707265892566292
María Méndez Fernández,Spain Women's,Defender,,Europe - UEFA Women's Euro,0.8595635957673101,229.5034800698718,253,-23.496519930128187,267,-0.08800194730385089
María Pilar León Cebrián,Spain Women's,Defender,,Europe - UEFA Women's Euro,0.7933953943546388,339.5732287837854,373,-33.426771216214604,428,-0.07809993274816496
Mathilde Hauge Harviken,Norway Women's,Defender,,Europe - UEFA Women's Euro,0.8011956631667108,71.30641402183726,72,-0.6935859781627443,89,-0.007793100878233082
Maëlle Lakrar,France Women's,Defender,,Europe - UEFA Women's Euro,0.8291627335492288,101.98701622655514,106,-4.012983773444859,123,-0.03262588433695007
Melvine Malard,France Women's,Forward,Midfielder,Europe - UEFA Women's Euro,0.7789353054577927,112.16668398592215,112,0.16668398592214828,144,0.0011575276800149187
Melween Ndongala,France Women's,Defender,,Europe - UEFA Women's Euro,0.7748803812354144,70.51411469242271,67,3.5141146924227087,91,0.03861664497167812
Merle Frohms,Germany Women's,Goalkeeper,,Europe - UEFA Women's Euro,0.7497625608678631,158.94966290398696,169,-10.050337096013038,212,-0.04740725045289169
Michela Cambiaghi,Italy Women's,Forward,Midfielder,Europe - UEFA Women's Euro,0.7313727250263233,19.74706357571073,16,3.7470635757107296,27,0.13878013243373072
Michelle Agyemang,England Women's,Forward,Defender,Europe - UEFA Women's Euro,0.8053585523760854,22.550039466530393,22,0.5500394665303929,28,0.019644266661799747
Milena Kokosz,Poland Women's,Forward,Midfielder,Europe - UEFA Women's Euro,0.8746165701901107,16.617714833612105,14,2.617714833612105,19,0.1377744649269529
Mille Gejl Jensen,Denmark Women's,Midfielder,,Europe - UEFA Women's Euro,0.864715035371807,3.458860141487228,2,1.4588601414872282,4,0.36471503537180705
Millie Bright,England Women's,Defender,,Europe - UEFA Women's Euro,0.8079303434127306,287.6232022549321,301,-13.376797745067904,356,-0.037575274564797485
Nadia Krezyman,Poland Women's,Midfielder,,Europe - UEFA Women's Euro,0.847612733111131,11.018965530444703,9,2.018965530444703,13,0.15530504080343868
Nadia Nadim,Denmark Women's,Defender,Forward,Europe - UEFA Women's Euro,0.7389675562012289,32.51457247285407,29,3.51457247285407,44,0.07987664711031978
Nadine Caldwell,Northern Ireland,Forward,Midfielder,Europe - UEFA Women's Euro,0.8369869357744502,15.065764843940103,14,1.0657648439401033,18,0.0592091579966724
Nadine Riesen,Switzerland Women's,Defender,Midfielder,Europe - UEFA Women's Euro,0.7474897486316499,97.17366732211448,94,3.1736673221144827,130,0.02441282555472679
Natalia Kuikka,WNT Finland,Defender,,Europe - UEFA Women's Euro,0.7840461119825823,239.13406415468762,242,-2.8659358453123787,305,-0.009396510968237307
Natalia Padilla-Bidas,Poland Women's,Midfielder,Forward,Europe - UEFA Women's Euro,0.7204123245304126,30.257317630277328,27,3.2573176302773277,42,0.0775551816732697
Nea Lehtola,WNT Finland,Defender,Midfielder,Europe - UEFA Women's Euro,0.6035353550214794,13.277777810472546,9,4.277777810472546,22,0.19444444593057028
Niamh Charles,England Women's,Defender,,Europe - UEFA Women's Euro,0.7339403363945972,35.963076483335264,37,-1.0369235166647357,49,-0.0211617044217293
Nicky Evrard,Belgium Women's,Goalkeeper,,Europe - UEFA Women's Euro,0.7319318240240715,138.33511474054953,159,-20.66488525945047,189,-0.10933801724576969
Nicole Anyomi,Germany Women's,Forward,Defender,Europe - UEFA Women's Euro,0.7526002325412379,32.36180999927323,31,1.3618099992732269,43,0.0316699999830983
Nicole Billa,Austria Women's,Forward,,Europe - UEFA Women's Euro,0.7959274539282355,70.04161594568473,61,9.041615945684725,88,0.10274563574641733
Nikita Parris,England Women's,Forward,,Europe - UEFA Women's Euro,0.5865153744642586,1.7595461233927758,1,0.7595461233927758,3,0.2531820411309253
Noelle Maritz,Switzerland Women's,Defender,,Europe - UEFA Women's Euro,0.7514342609933247,273.52207100157017,283,-9.477928998429832,364,-0.026038266479202835
Noemi Ivelj,Switzerland Women's,Midfielder,,Europe - UEFA Women's Euro,0.80334522434701,24.100356730410297,20,4.100356730410297,30,0.13667855768034323
Nora Heroum,WNT Finland,Defender,,Europe - UEFA Women's Euro,0.6641349757466645,27.229534005613242,19,8.229534005613242,41,0.20072034160032298
Olga  Carmona García,Spain Women's,Defender,,Europe - UEFA Women's Euro,0.7895593159204833,360.8286073756609,379,-18.17139262433909,457,-0.03976234709921027
Olga Ahtinen,WNT Finland,Midfielder,Forward,Europe - UEFA Women's Euro,0.7506623247425765,30.777155314445636,27,3.7771553144456362,41,0.09212573937672283
Olivia Alma Charlotta Schough,Sweden Women's,Midfielder,,Europe - UEFA Women's Euro,0.7064648848411612,5.65171907872929,7,-1.3482809212707103,8,-0.1685351151588388
Olivia Clarke,Wales,Goalkeeper,,Europe - UEFA Women's Euro,0.8171659946586507,53.115789652812296,56,-2.884210347187704,65,-0.04437246687981083
Oliwia Woś,Poland Women's,Defender,,Europe - UEFA Women's Euro,0.7216314649640169,95.25535337525022,98,-2.7446466247497767,132,-0.020792777460225582
Ona Batlle Pascual,Spain Women's,Defender,,Europe - UEFA Women's Euro,0.8060578323177284,649.6826128480891,695,-45.31738715191091,806,-0.05622504609418227
Onema Grace Geyoro,France Women's,Midfielder,,Europe - UEFA Women's Euro,0.8307666357512429,242.58385763936292,253,-10.416142360637082,292,-0.03567172041314069
Oona Sevenius,WNT Finland,Midfielder,Forward,Europe - UEFA Women's Euro,0.7782917055242924,36.57971015964174,30,6.579710159641742,47,0.13999383318386685
Oona Siren,WNT Finland,Midfielder,,Europe - UEFA Women's Euro,0.8566445934392348,143.05964710435222,149,-5.940352895647777,167,-0.03557097542304058
Oriane Jean-François,France Women's,Midfielder,,Europe - UEFA Women's Euro,0.8129032443227231,122.74838989273118,130,-7.251610107268817,151,-0.04802390799515773
Ouleymata Sarr,France Women's,Forward,Midfielder,Europe - UEFA Women's Euro,0.8468344001159528,27.09870080371049,24,3.0987008037104893,32,0.09683440011595279
Patricia Guijarro Gutiérrez,Spain Women's,Midfielder,,Europe - UEFA Women's Euro,0.8108901226659028,724.1248795406511,776,-51.875120459348864,893,-0.058090840380009924
Patricia Isabel Sousa Barros Morais,Portugal Women's,Goalkeeper,,Europe - UEFA Women's Euro,0.725454761675802,55.86001664903676,54,1.8600166490367585,77,0.02415606037710076
Paulina Dudek,Poland Women's,Defender,,Europe - UEFA Women's Euro,0.7228351702907451,10.842527554361176,11,-0.1574724456388239,15,-0.01049816304258826
Paulina Tomasiak,Poland Women's,Midfielder,Forward,Europe - UEFA Women's Euro,0.6880383721973657,48.85072442601297,37,11.850724426012967,71,0.16691161163398543
Pauline Peyraud Magnin,France Women's,Goalkeeper,,Europe - UEFA Women's Euro,0.7405714199033551,159.22285527922133,164,-4.777144720778665,215,-0.02221927777106356
Pernille Mosegaard Harder,Denmark Women's,Forward,Midfielder,Europe - UEFA Women's Euro,0.7177852920822441,102.6432967677609,91,11.643296767760901,143,0.0814216557186077
Rachel Daly,England Women's,Defender,,Europe - UEFA Women's Euro,0.7914121733899951,267.49731460581836,275,-7.50268539418164,338,-0.022197294065626153
Rachel Furness,Northern Ireland,Forward,Midfielder,Europe - UEFA Women's Euro,0.7480837422516619,42.64077330834473,33,9.640773308344727,57,0.16913637383060925
Rachel Rinast,Switzerland Women's,Defender,,Europe - UEFA Women's Euro,0.5603514946950924,6.724217936341109,6,0.724217936341109,12,0.06035149469509241
Rachel Rowe,Wales,Midfielder,,Europe - UEFA Women's Euro,0.7288736296522957,27.697197926787236,22,5.697197926787236,38,0.14992626123124306
Rahel Kiwic,Switzerland Women's,Defender,,Europe - UEFA Women's Euro,0.7990245859102474,39.152204709602124,41,-1.847795290397876,49,-0.03771010796730359
Ramona Bachmann,Switzerland Women's,Forward,,Europe - UEFA Women's Euro,0.7327636530149246,70.34531068943276,63,7.345310689432765,96,0.07651365301492463
Rebecca Holloway,Northern Ireland,Defender,,Europe - UEFA Women's Euro,0.7963229005167745,39.81614502583872,37,2.816145025838722,50,0.05632290051677444
Rebecca Knaak,Germany Women's,Defender,,Europe - UEFA Women's Euro,0.8109261984030075,235.16859753687217,248,-12.83140246312783,290,-0.04424621539009597
Rebecca Mckenna,Northern Ireland,Defender,,Europe - UEFA Women's Euro,0.7084764693027757,26.213629364202703,24,2.2136293642027027,37,0.059827820654127103
Rebecka Blomqvist,Sweden Women's,Forward,,Europe - UEFA Women's Euro,0.6667774993363516,8.001329992036219,8,0.0013299920362186413,12,0.00011083266968488677
Renate Jansen,Netherlands Women's,Forward,,Europe - UEFA Women's Euro,0.5771971496437054,0.5771971496437054,1,-0.4228028503562946,1,-0.4228028503562946
Rhiannon Roberts,Wales,Defender,,Europe - UEFA Women's Euro,0.7036221163797188,57.69701354313695,60,-2.302986456863053,82,-0.028085200693451867
Ria Öling,WNT Finland,Midfielder,Forward,Europe - UEFA Women's Euro,0.778009301940419,108.92130227165866,98,10.92130227165866,140,0.07800930194041901
Rikke Læntver Sevecke,Denmark Women's,Defender,,Europe - UEFA Women's Euro,0.7333415923490078,114.40128840644522,115,-0.598711593554782,156,-0.0038378948304793716
Rikke Marie Madsen,Denmark Women's,Forward,Midfielder,Europe - UEFA Women's Euro,0.8232812259809222,29.638124135313202,20,9.638124135313202,36,0.2677256704253667
Riola Xhemaili,Switzerland Women's,Midfielder,Defender,Europe - UEFA Women's Euro,0.6728318069172271,20.184954207516814,21,-0.8150457924831862,30,-0.027168193082772872
Romée Leuchter,Netherlands Women's,Midfielder,Forward,Europe - UEFA Women's Euro,0.7494268361953673,4.496561017172204,6,-1.503438982827796,6,-0.2505731638046327
Rut Hedvig Lindahl,Sweden Women's,Goalkeeper,,Europe - UEFA Women's Euro,0.6465588197031127,78.23361718407664,90,-11.766382815923365,121,-0.09724283318944929
Saara Katariina Kosola,WNT Finland,Midfielder,Forward,Europe - UEFA Women's Euro,0.8322373743159536,68.2434646939082,65,3.2434646939081944,82,0.039554447486685296
Safia Middleton-Patel,Wales,Goalkeeper,,Europe - UEFA Women's Euro,0.5933331031597947,20.766658610592813,22,-1.2333413894071867,35,-0.03523832541163391
Sakina Karchaoui,France Women's,Defender,Midfielder,Europe - UEFA Women's Euro,0.7672569292720983,380.5594369189608,388,-7.440563081039215,496,-0.015001135244030676
Salma Paralluelo Ayingono,Spain Women's,Forward,,Europe - UEFA Women's Euro,0.6699518751734711,36.84735313454091,40,-3.15264686545909,55,-0.057320852099256185
Sandie Toletti,France Women's,Midfielder,,Europe - UEFA Women's Euro,0.8051055540969524,213.3529718356924,219,-5.6470281643076135,265,-0.02130954024267024
Sandra María Jessen,Iceland Women's,Forward,,Europe - UEFA Women's Euro,0.7757281131285669,38.01067754329978,30,8.010677543299778,49,0.16348321516938322
Sandra Paños García-Villamil,Spain Women's,Goalkeeper,,Europe - UEFA Women's Euro,0.794792453260781,82.65841513912122,84,-1.3415848608787826,104,-0.012899854431526756
Sandra Sigurðardóttir,Iceland Women's,Goalkeeper,,Europe - UEFA Women's Euro,0.6851391823133199,80.84642351297175,85,-4.153576487028246,118,-0.035199800737527515
Sandrine Mauron,Switzerland Women's,Midfielder,,Europe - UEFA Women's Euro,0.7935758004382187,3.174303201752875,1,2.174303201752875,4,0.5435758004382187
Sandy Baltimore,France Women's,Forward,Midfielder,Europe - UEFA Women's Euro,0.7615049754556528,118.03327119562618,124,-5.966728804373815,155,-0.038495024544347195
Sandy Mändly,Switzerland Women's,Midfielder,,Europe - UEFA Women's Euro,0.7687194730282575,65.34115520740188,57,8.341155207401883,85,0.0981312377341398
Sanne Troelsgaard-Nielsen,Denmark Women's,Midfielder,Forward,Europe - UEFA Women's Euro,0.746786581615172,67.95757892698064,63,4.957578926980645,91,0.054478889307479614
Sanni Maija Franssi,WNT Finland,Forward,Midfielder,Europe - UEFA Women's Euro,0.7593143335840846,59.98583235314268,58,1.9858323531426834,79,0.02513711839421118
Sara Björk Gunnarsdóttir,Iceland Women's,Midfielder,,Europe - UEFA Women's Euro,0.8656489983710675,49.341992907150846,46,3.3419929071508463,57,0.05863145451141836
Sara Caroline Seger,Sweden Women's,Midfielder,,Europe - UEFA Women's Euro,0.8436526980331863,107.14389265021467,113,-5.856107349785333,127,-0.0461110814943727
Sara Doorsoun-Khajeh,Germany Women's,Defender,,Europe - UEFA Women's Euro,0.8389223615337809,65.4359441996349,66,-0.5640558003650966,78,-0.007231484620065341
Sara Däbritz,Germany Women's,Midfielder,,Europe - UEFA Women's Euro,0.7598721442954666,165.6521274564117,167,-1.347872543588295,218,-0.006182901576093096
Sara Gama,Italy Women's,Defender,,Europe - UEFA Women's Euro,0.7161152785536748,64.45037506983074,68,-3.5496249301692586,90,-0.03944027700188065
Sara Gedsted Thrige Andersen,Denmark Women's,Defender,,Europe - UEFA Women's Euro,0.780684567837868,24.981906170811776,26,-1.0180938291882242,32,-0.03181543216213201
Sara Holmgaard,Denmark Women's,Defender,Midfielder,Europe - UEFA Women's Euro,0.7182354846655941,53.86766134991956,45,8.867661349919558,75,0.11823548466559411
Sarah Cathryn Ann Robson,Northern Ireland,Defender,,Europe - UEFA Women's Euro,0.8163458968574765,64.49132585174064,56,8.49132585174064,79,0.10748513736380558
Sarah Puntigam,Austria Women's,Midfielder,,Europe - UEFA Women's Euro,0.7544707407099691,113.92508184720533,107,6.925081847205334,151,0.045861469186790293
Sarah Wijnants,Belgium Women's,Defender,,Europe - UEFA Women's Euro,0.6220431780254102,7.464518136304923,10,-2.535481863695077,12,-0.21129015530792308
Sarah Zadrazil,Austria Women's,Midfielder,,Europe - UEFA Women's Euro,0.8190177628082049,113.84346903034049,106,7.843469030340486,139,0.05642783475065098
Sarai Linder,Germany Women's,Defender,,Europe - UEFA Women's Euro,0.8098293196396268,155.48722937080834,159,-3.512770629191664,192,-0.01829568036037325
Sari Kees,Belgium Women's,Defender,,Europe - UEFA Women's Euro,0.8260529584688442,270.11931741931204,281,-10.88068258068796,327,-0.0332742586565381
Sari van Veenendaal,Netherlands Women's,Goalkeeper,,Europe - UEFA Women's Euro,0.1565217391304348,0.1565217391304348,0,0.1565217391304348,1,0.1565217391304348
Selina Cerci,Germany Women's,Forward,Defender,Europe - UEFA Women's Euro,0.7627163907065102,19.067909767662755,18,1.067909767662755,25,0.0427163907065102
Selma Bacha,France Women's,Defender,Forward,Europe - UEFA Women's Euro,0.7471043472792988,315.2780345518641,332,-16.721965448135904,422,-0.03962551054060641
Sheila García Gómez,Spain Women's,Midfielder,Forward,Europe - UEFA Women's Euro,0.822925949481642,101.21989178624196,108,-6.780108213758041,123,-0.055122831006162935
Sherida Spitse,Netherlands Women's,Midfielder,Defender,Europe - UEFA Women's Euro,0.7618108389298962,244.54127929649667,250,-5.458720703503332,321,-0.017005360447050876
Sif Atladóttir,Iceland Women's,Defender,,Europe - UEFA Women's Euro,0.6659965500038133,23.309879250133466,22,1.3098792501334664,35,0.03742512143238475
Signe Gaupset,Norway Women's,Forward,Midfielder,Europe - UEFA Women's Euro,0.7659886986990319,71.23694897900997,74,-2.7630510209900336,93,-0.0297102260321509
Signe Kallesøe Bruun,Denmark Women's,Forward,Midfielder,Europe - UEFA Women's Euro,0.761248001940666,40.3461441028553,31,9.346144102855298,53,0.17634234156330753
Silvia Rebelo,Portugal Women's,Defender,,Europe - UEFA Women's Euro,0.7117109230909735,2.1351327692729205,1,1.1351327692729205,3,0.3783775897576402
Simone Boye-Sørensen,Denmark Women's,Defender,Forward,Europe - UEFA Women's Euro,0.7502503722388265,30.760265261791886,27,3.7602652617918864,41,0.09171378687297284
Simone Magill,Northern Ireland,Forward,,Europe - UEFA Women's Euro,0.8593190258202218,12.889785387303327,12,0.889785387303327,15,0.0593190258202218
Sjoeke Nüsken,Germany Women's,Midfielder,,Europe - UEFA Women's Euro,0.793269551897698,126.92312830363169,118,8.923128303631685,160,0.055769551897698035
Smilla Holmberg,Sweden Women's,Defender,,Europe - UEFA Women's Euro,0.6739270682049732,43.80525943332326,48,-4.194740566676742,65,-0.06453447025656527
Smilla Vallotto,Switzerland Women's,Midfielder,,Europe - UEFA Women's Euro,0.8086739687683964,124.53579119033304,126,-1.4642088096669568,154,-0.009507849413421797
Sofia Cantore,Italy Women's,Forward,Midfielder,Europe - UEFA Women's Euro,0.7661497265834105,68.18732566592354,59,9.187325665923538,89,0.1032283782688038
Sofie Bruun Bredgaard,Denmark Women's,Forward,,Europe - UEFA Women's Euro,0.719627254878266,31.663599214643703,28,3.6635992146437033,44,0.08326361851462961
Sofie Junge Pedersen,Denmark Women's,Midfielder,,Europe - UEFA Women's Euro,0.8046492351111644,94.14396050800623,82,12.14396050800623,117,0.10379453425646351
Sofie Svava,Denmark Women's,Defender,,Europe - UEFA Women's Euro,0.7300574333979987,24.821952735531955,21,3.821952735531955,34,0.11241037457446926
Sophia Kleinherne,Germany Women's,Defender,,Europe - UEFA Women's Euro,0.7366259433625773,85.44860943005897,83,2.4486094300589656,116,0.021108701983266944
Sophie Louise Ingle,Wales,Midfielder,,Europe - UEFA Women's Euro,0.8714499252615845,0.8714499252615845,1,-0.1285500747384155,1,-0.1285500747384155
Sophie Roman Haug,Norway Women's,Defender,,Europe - UEFA Women's Euro,0.5795665637131591,2.3182662548526363,1,1.3182662548526363,4,0.32956656371315907
Stephanie van der Gragt,Netherlands Women's,Defender,,Europe - UEFA Women's Euro,0.8211460429248771,178.18869131469833,186,-7.811308685301668,217,-0.03599681421798004
Stine Ballisager Pedersen,Denmark Women's,Defender,,Europe - UEFA Women's Euro,0.8537364101012015,220.26399380611,220,0.263993806109994,258,0.0010232318066278837
Stine Larsen,Denmark Women's,Forward,Defender,Europe - UEFA Women's Euro,0.8049520136426431,6.439616109141145,6,0.439616109141145,8,0.05495201364264313
Svava Rós Guðmundsdóttir,Iceland Women's,Midfielder,Forward,Europe - UEFA Women's Euro,0.7113844530821399,14.939073514724939,11,3.9390735147249387,21,0.18757492927261613
Sveindís Jane Jónsdóttir,Iceland Women's,Forward,Midfielder,Europe - UEFA Women's Euro,0.5713569282281912,75.41911452612123,60,15.419114526121234,132,0.11681147368273662
Svenja Fölmli,Switzerland Women's,Forward,Midfielder,Europe - UEFA Women's Euro,0.8126493812937087,21.128883913636425,18,3.1288839136364253,26,0.12034168898601635
Svenja Huth,Germany Women's,Forward,,Europe - UEFA Women's Euro,0.7275300290141543,156.41895623804317,156,0.4189562380431653,215,0.001948633665317048
Sydney Lohmann,Germany Women's,Midfielder,Forward,Europe - UEFA Women's Euro,0.768072862048017,56.069318929505236,52,4.069318929505236,73,0.055744094924729266
Sydney Schertenleib,Switzerland Women's,Forward,Midfielder,Europe - UEFA Women's Euro,0.7699529734502746,65.44600274327334,62,3.4460027432733398,85,0.04054120874439223
Sylwia Matysik,Poland Women's,Defender,,Europe - UEFA Women's Euro,0.6735683080975561,62.64185265307271,61,1.6418526530727107,93,0.017654329602932374
Synne Jensen,Norway Women's,Forward,,Europe - UEFA Women's Euro,0.7319219138242705,8.051141052066976,8,0.051141052066975945,11,0.004649186551543268
Sædís Rún Heiðarsdóttir,Iceland Women's,Defender,,Europe - UEFA Women's Euro,0.6877774607097764,60.52441654246032,56,4.524416542460322,88,0.05141382434614003
Tabea Waßmuth,Germany Women's,Forward,,Europe - UEFA Women's Euro,0.7230769448997533,15.184615842894818,12,3.184615842894818,21,0.15164837347118182
Tanja Pawollek,Poland Women's,Midfielder,,Europe - UEFA Women's Euro,0.8042962098388493,55.496438478880606,53,2.4964384788806058,69,0.03618026780986385
Tatiana Vanessa Ferreira Pinto,Portugal Women's,Midfielder,,Europe - UEFA Women's Euro,0.8420774846947656,142.3110949134154,141,1.3110949134153884,169,0.007757958067546677
Telma Raquel Velosa Encarnação,Portugal Women's,Forward,,Europe - UEFA Women's Euro,0.6393530832626516,9.590296248939774,8,1.590296248939774,15,0.10601974992931827
Teresa Abelleira Dueñas,Spain Women's,Midfielder,,Europe - UEFA Women's Euro,0.8218368708364412,32.05163796262121,32,0.05163796262120712,39,0.0013240503236206954
Tessa Wullaert,Belgium Women's,Forward,Midfielder,Europe - UEFA Women's Euro,0.7493292487732622,194.0762754322749,178,16.07627543227491,259,0.06207056151457495
Thea Bjelde,Norway Women's,Defender,,Europe - UEFA Women's Euro,0.6902620914325981,85.59249933764217,85,0.5924993376421668,124,0.004778220464856184
Thiniba Samoura,France Women's,Defender,,Europe - UEFA Women's Euro,0.8745085740408163,101.44299458873469,101,0.4429945887346918,116,0.0038189188684025154
Tinja-Riikka Tellervo Korpela,WNT Finland,Goalkeeper,,Europe - UEFA Women's Euro,0.5871261255460097,42.86020716485871,40,2.860207164858707,73,0.03918092006655763
Tinne De Caigny,Belgium Women's,Midfielder,,Europe - UEFA Women's Euro,0.7816125485554456,138.34542109431388,118,20.345421094313878,177,0.11494588188877897
Tuija Annika Hyyrynen,WNT Finland,Defender,,Europe - UEFA Women's Euro,0.5038059695093459,9.572313420677572,11,-1.4276865793224278,19,-0.07514139891170672
Tuva Hansen,Norway Women's,Defender,,Europe - UEFA Women's Euro,0.7945841543993841,264.5965234149949,265,-0.4034765850050803,333,-0.0012116413964116527
Valentina Bergamaschi,Italy Women's,Midfielder,Defender,Europe - UEFA Women's Euro,0.7499324486892636,83.99243425319752,80,3.9924342531975157,112,0.03564673440354925
Valentina Cernoia,Italy Women's,Defender,,Europe - UEFA Women's Euro,0.5635382054114184,9.580149491994113,8,1.5801494919941135,17,0.09294997011730079
Valentina Giacinti,Italy Women's,Forward,Midfielder,Europe - UEFA Women's Euro,0.7123028264570299,14.958359355597628,14,0.9583593555976275,21,0.045636159790363215
Vanessa Marques Malho,Portugal Women's,Midfielder,,Europe - UEFA Women's Euro,0.889241776241858,1.778483552483716,1,0.7784835524837159,2,0.38924177624185796
Veerle Buurman,Netherlands Women's,Defender,,Europe - UEFA Women's Euro,0.7964858960940431,80.44507550549835,86,-5.554924494501648,101,-0.0549992524208084
Verena Hanshaw,Austria Women's,Defender,,Europe - UEFA Women's Euro,0.6454713142585182,132.96709073725475,120,12.96709073725475,206,0.06294704241385801
Victoria López,Spain Women's,Forward,Midfielder,Europe - UEFA Women's Euro,0.7898513565641611,115.31829805836752,120,-4.6817019416324825,146,-0.032066451655017
Victoria Pelova,Netherlands Women's,Forward,Midfielder,Europe - UEFA Women's Euro,0.7604659402822019,123.19548232571671,122,1.1954823257167106,162,0.007379520529115498
Viktoria Schnaderbeck,Austria Women's,Defender,,Europe - UEFA Women's Euro,0.8701576718241636,77.44403279235055,75,2.444032792350555,89,0.027461042610680393
Vilde Bøe Risa,Norway Women's,Midfielder,,Europe - UEFA Women's Euro,0.7429909660133965,112.93462683403628,114,-1.0653731659637202,152,-0.007009033986603423
Viola Calligaris,Switzerland Women's,Defender,,Europe - UEFA Women's Euro,0.7878500751473909,224.53727141700642,224,0.5372714170064228,285,0.0018851628666892027
Vivianne Miedema,Netherlands Women's,Forward,,Europe - UEFA Women's Euro,0.829519182436816,74.65672641931344,65,9.656726419313443,90,0.10729696021459381
Wendie Renard,France Women's,Defender,,Europe - UEFA Women's Euro,0.8235576826638596,283.3038428363677,299,-15.696157163632279,344,-0.04562836384776825
Weronika Zawistowska,Poland Women's,Midfielder,,Europe - UEFA Women's Euro,0.5365738583410997,1.0731477166821994,1,0.07314771668219944,2,0.03657385834109972
Wieke Hendrikje Maria Kaptein,Netherlands Women's,Midfielder,,Europe - UEFA Women's Euro,0.8457392017302566,58.35600491938771,60,-1.6439950806122923,69,-0.023826015661047716
Wiktoria Zieniewicz,Poland Women's,Defender,,Europe - UEFA Women's Euro,0.6902138023520544,43.48346954817943,45,-1.5165304518205716,63,-0.024071911933659866
Áslaug Munda Gunnlaugsdóttir,Iceland Women's,Defender,Midfielder,Europe - UEFA Women's Euro,0.6863304705560453,10.29495705834068,8,2.29495705834068,15,0.152997137222712
