position,team,gp,pts,season,league,league_level,pts_per_game,Gross_PY_GBP,Adj_Gross_GBP,pyramid_position,pts_absolute,Adj_Gross_GBP_z,pts_absolute_z,pyramid_position_z
1,Manchester City,38,86,2013-2014,Premier League,1,2.263157894736842,113952000.0,147132001.0,1,175,1.9403609309407004,1.788464467283529,-1.6931233465600393
2,Liverpool,38,84,2013-2014,Premier League,1,2.210526315789474,65562600.0,84652806.0,2,173,0.6824616565723289,1.7417303665844446,-1.6143734234642233
3,Chelsea,38,82,2013-2014,Premier League,1,2.1578947368421053,105912000.0,136750953.0,3,171,1.73135835422083,1.69499626588536,-1.5356235003684076
4,Arsenal,38,79,2013-2014,Premier League,1,2.0789473684210527,73670800.0,95121913.0,4,168,0.8932371330903096,1.624895114836733,-1.4568735772725918
5,Everton,38,72,2013-2014,Premier League,1,1.894736842105263,52856800.0,68247394.0,5,161,0.3521700154826162,1.461325762389937,-1.378123654176776
6,Tottenham Hotspur,38,69,2013-2014,Premier League,1,1.8157894736842106,54612600.0,70514439.0,6,158,0.39781263716588927,1.39122461134131,-1.2993737310809603
7,Manchester United,38,64,2013-2014,Premier League,1,1.6842105263157894,97292000.0,125621023.0,7,153,1.5072784685761644,1.2743893595935984,-1.2206238079851446
8,Southampton,38,56,2013-2014,Premier League,1,1.4736842105263157,27840400.0,35946835.0,8,145,-0.2981400553784563,1.0874529567972602,-1.1418738848893288
9,Stoke City,38,50,2013-2014,Premier League,1,1.3157894736842106,33927000.0,43805704.0,9,139,-0.13991673620067097,0.9472506547000064,-1.0631239617935129
10,Newcastle United,38,49,2013-2014,Premier League,1,1.2894736842105263,36455600.0,47070570.0,10,138,-0.07418489422815568,0.923883604350464,-0.9843740386976972
11,Crystal Palace,38,45,2013-2014,Premier League,1,1.1842105263157894,19393800.0,25040793.0,11,134,-0.5177123837036048,0.8304154029522948,-0.9056241156018814
12,Swansea City,38,42,2013-2014,Premier League,1,1.105263157894737,21459000.0,27707329.0,12,131,-0.4640267736460947,0.7603142519036679,-0.8268741925060656
13,West Ham United,38,40,2013-2014,Premier League,1,1.0526315789473684,47288600.0,61057870.0,13,129,0.20742267962699276,0.7135801512045833,-0.7481242694102499
14,Sunderland,38,38,2013-2014,Premier League,1,1.0,41565000.0,53667701.0,14,127,0.058635739869532175,0.6668460505054987,-0.669374346314434
15,Aston Villa,38,38,2013-2014,Premier League,1,1.0,33826000.0,43675294.0,15,127,-0.14254229250577988,0.6668460505054987,-0.5906244232186183
16,Hull City,38,37,2013-2014,Premier League,1,0.9736842105263158,21024000.0,27145670.0,16,126,-0.4753347050069655,0.6434790001559564,-0.5118745001228026
17,West Bromwich Albion,38,36,2013-2014,Premier League,1,0.9473684210526315,34543000.0,44601067.0,17,125,-0.12390362110596702,0.6201119498064142,-0.43312457702698676
18,Norwich City,38,33,2013-2014,Premier League,1,0.868421052631579,27851400.0,35961037.0,18,122,-0.29785412523011523,0.5500107987577872,-0.354374653931171
19,Fulham,38,32,2013-2014,Premier League,1,0.8421052631578947,33377400.0,43096074.0,19,121,-0.15420378106528593,0.5266437484082449,-0.2756247308353552
20,Cardiff City,38,30,2013-2014,Premier League,1,0.7894736842105263,28052000.0,36220051.0,20,119,-0.29263937298096654,0.4799096477091603,-0.19687480773953944
1,Leicester City,46,102,2013-2014,Championship,2,2.217391304347826,17206800.0,22216993.0,21,102,-0.574564204072952,0.08266979176694118,-0.11812488464372366
2,Burnley,46,93,2013-2014,Championship,2,2.0217391304347827,6666200.0,8607232.0,22,93,-0.848570751151975,-0.12763366137893953,-0.039374961547907886
3,Derby County,46,85,2013-2014,Championship,2,1.8478260869565217,9122200.0,11778356.0,23,85,-0.7847262253297052,-0.31457006417527794,0.039374961547907886
4,Queens Park Rangers,46,80,2013-2014,Championship,2,1.7391304347826086,40871000.0,52771625.0,24,80,0.04059496085215026,-0.4314053159229894,0.11812488464372366
5,Wigan Athletic,46,73,2013-2014,Championship,2,1.5869565217391304,17597000.0,22720810.0,25,73,-0.5644208109208082,-0.5949746683697855,0.19687480773953944
6,Brighton & Hove Albion,46,72,2013-2014,Championship,2,1.565217391304348,8294800.0,10710041.0,26,72,-0.8062347076860615,-0.6183417187193279,0.2756247308353552
7,Reading,46,71,2013-2014,Championship,2,1.5434782608695652,18360000.0,23705974.0,27,71,-0.5445864151554044,-0.6417087690688702,0.354374653931171
8,Blackburn Rovers,46,70,2013-2014,Championship,2,1.5217391304347827,17427600.0,22502084.0,28,70,-0.568824441228233,-0.6650758194184124,0.43312457702698676
9,Ipswich Town,46,68,2013-2014,Championship,2,1.4782608695652173,7210000.0,9309374.0,29,68,-0.8344344628674739,-0.711809920117497,0.5118745001228026
10,AFC Bournemouth,46,66,2013-2014,Championship,2,1.434782608695652,5540200.0,7153367.0,30,66,-0.8778415464707938,-0.7585440208165817,0.5906244232186183
11,Nottingham Forest,46,65,2013-2014,Championship,2,1.4130434782608696,20054000.0,25893228.0,31,65,-0.5005502328796994,-0.7819110711661239,0.669374346314434
12,Middlesbrough,46,64,2013-2014,Championship,2,1.391304347826087,11393000.0,14710360.0,32,64,-0.7256959240582954,-0.8052781215156662,0.7481242694102499
13,Watford,46,60,2013-2014,Championship,2,1.3043478260869565,11335200.0,14635729.0,33,60,-0.7271984767199515,-0.8987463229138355,0.8268741925060656
14,Bolton Wanderers,46,59,2013-2014,Championship,2,1.2826086956521738,16293800.0,21038152.0,34,59,-0.5982979163670313,-0.9221133732633777,0.9056241156018814
15,Leeds United,46,57,2013-2014,Championship,2,1.2391304347826086,11483800.0,14827599.0,35,57,-0.7233355406854355,-0.9688474739624624,0.9843740386976972
16,Sheffield Wednesday,46,53,2013-2014,Championship,2,1.1521739130434783,8429600.0,10884093.0,36,53,-0.8027305030543859,-1.0623156753606315,1.0631239617935129
17,Huddersfield Town,46,53,2013-2014,Championship,2,1.1521739130434783,7021800.0,9066377.0,37,53,-0.8393267434093997,-1.0623156753606315,1.1418738848893288
18,Charlton Athletic,46,51,2013-2014,Championship,2,1.108695652173913,7410000.0,9567611.0,38,51,-0.8292353540294829,-1.1090497760597162,1.2206238079851446
19,Millwall,46,48,2013-2014,Championship,2,1.0434782608695652,9817600.0,12676244.0,39,48,-0.7666489651527124,-1.1791509271083431,1.2993737310809603
20,Blackpool,46,46,2013-2014,Championship,2,1.0,6765000.0,8734801.0,40,46,-0.8460023929563885,-1.2258850278074276,1.378123654176776
21,Birmingham City,46,44,2013-2014,Championship,2,0.9565217391304348,8423000.0,10875568.0,41,44,-0.8029021376491337,-1.2726191285065123,1.4568735772725918
22,Doncaster Rovers,46,44,2013-2014,Championship,2,0.9565217391304348,5532200.0,7143039.0,42,44,-0.8780494810273398,-1.2726191285065123,1.5356235003684076
23,Barnsley,46,39,2013-2014,Championship,2,0.8478260869565217,7614600.0,9831784.0,43,39,-0.8239167351675126,-1.3894543802542239,1.6143734234642233
24,Yeovil Town,46,37,2013-2014,Championship,2,0.8043478260869565,3406800.0,4398778.0,44,37,-0.9332999355278727,-1.4361884809533083,1.6931233465600393
1,Chelsea,38,87,2014-2015,Premier League,1,2.289473684210526,104660800.0,134639898.0,1,176,1.6888562932923605,1.8118315176330715,-1.6931233465600393
2,Manchester City,38,79,2014-2015,Premier League,1,2.0789473684210527,122823600.0,158005259.0,2,168,2.1592732160336836,1.624895114836733,-1.6143734234642233
3,Arsenal,38,75,2014-2015,Premier League,1,1.9736842105263157,94675400.0,121794274.0,3,164,1.4302341854305527,1.5314269134385639,-1.5356235003684076
4,Manchester United,38,70,2014-2015,Premier League,1,1.8421052631578947,143052000.0,184027894.0,4,159,2.6831892761502227,1.4145916616908523,-1.4568735772725918
5,Tottenham Hotspur,38,64,2014-2015,Premier League,1,1.6842105263157894,67662000.0,87043138.0,5,153,0.7305864265585539,1.2743893595935984,-1.378123654176776
6,Liverpool,38,62,2014-2015,Premier League,1,1.631578947368421,81770000.0,105192244.0,6,151,1.0959840163936128,1.227655258894514,-1.2993737310809603
7,Southampton,38,60,2014-2015,Premier League,1,1.5789473684210527,43549800.0,56024227.0,7,149,0.10607989060531231,1.1809211581954293,-1.2206238079851446
8,Swansea City,38,56,2014-2015,Premier League,1,1.4736842105263157,30019000.0,38617657.0,8,145,-0.24436815489595035,1.0874529567972602,-1.1418738848893288
9,Stoke City,38,54,2014-2015,Premier League,1,1.4210526315789473,36729800.0,47250705.0,9,143,-0.0705582200082278,1.0407188560981755,-1.0631239617935129
10,Crystal Palace,38,48,2014-2015,Premier League,1,1.263157894736842,31704000.0,40785314.0,10,137,-0.20072652079071707,0.9005165540009217,-0.9843740386976972
11,Everton,38,47,2014-2015,Premier League,1,1.236842105263158,50488600.0,64950585.0,11,136,0.28579506220687195,0.8771495036513794,-0.9056241156018814
12,West Ham United,38,47,2014-2015,Premier League,1,1.236842105263158,45495600.0,58527384.0,12,136,0.15647617650384396,0.8771495036513794,-0.8268741925060656
13,West Bromwich Albion,38,44,2014-2015,Premier League,1,1.1578947368421053,35490000.0,45655773.0,13,133,-0.102669129975408,0.8070483526027525,-0.7481242694102499
14,Leicester City,38,41,2014-2015,Premier League,1,1.0789473684210527,33158000.0,42655795.0,14,130,-0.16306795792639356,0.7369472015541256,-0.669374346314434
15,Newcastle United,38,39,2014-2015,Premier League,1,1.0263157894736843,32225800.0,41456576.0,15,128,-0.18721194233446356,0.690213100855041,-0.5906244232186183
16,Sunderland,38,38,2014-2015,Premier League,1,1.0,39406000.0,50693478.0,16,127,-0.0012445603409574244,0.6668460505054987,-0.5118745001228026
17,Aston Villa,38,38,2014-2015,Premier League,1,1.0,33152600.0,42648847.0,17,127,-0.16320784263774926,0.6668460505054987,-0.43312457702698676
18,Hull City,38,35,2014-2015,Premier League,1,0.9210526315789473,36795000.0,47334581.0,18,124,-0.06886953692681291,0.5967448994568718,-0.354374653931171
19,Burnley,38,33,2014-2015,Premier League,1,0.868421052631579,15583800.0,20047633.0,19,122,-0.6182401248309541,0.5500107987577872,-0.2756247308353552
20,Queens Park Rangers,38,30,2014-2015,Premier League,1,0.7894736842105263,45110800.0,58032359.0,20,119,0.14650979348155627,0.4799096477091603,-0.19687480773953944
1,AFC Bournemouth,46,90,2014-2015,Championship,2,1.9565217391304348,10405400.0,13385928.0,21,90,-0.7523608331012216,-0.19773481242756644,-0.11812488464372366
2,Watford,46,89,2014-2015,Championship,2,1.934782608695652,15229600.0,19591974.0,22,89,-0.627413948620768,-0.22110186277710872,-0.039374961547907886
3,Norwich City,46,86,2014-2015,Championship,2,1.8695652173913044,20922600.0,26915677.0,23,86,-0.47996517484272133,-0.29120301382573566,0.039374961547907886
4,Middlesbrough,46,85,2014-2015,Championship,2,1.8478260869565217,13616200.0,17516434.0,24,85,-0.6692009828474819,-0.31457006417527794,0.11812488464372366
5,Brentford,46,78,2014-2015,Championship,2,1.6956521739130435,5265800.0,6774142.0,25,78,-0.8854765176371532,-0.47813941662207404,0.19687480773953944
6,Ipswich Town,46,78,2014-2015,Championship,2,1.6956521739130435,8788200.0,11305496.0,26,78,-0.7942463584056487,-0.47813941662207404,0.2756247308353552
7,Wolverhampton Wanderers,46,78,2014-2015,Championship,2,1.6956521739130435,11921000.0,15335659.0,27,78,-0.7131067228311786,-0.47813941662207404,0.354374653931171
8,Derby County,46,77,2014-2015,Championship,2,1.673913043478261,18866800.0,24271017.0,28,77,-0.5332103534169821,-0.5015064669716164,0.43312457702698676
9,Blackburn Rovers,46,67,2014-2015,Championship,2,1.4565217391304348,15786600.0,20308520.0,29,67,-0.6129876633036867,-0.7351769704670393,0.5118745001228026
10,Birmingham City,46,63,2014-2015,Championship,2,1.3695652173913044,6962800.0,8957231.0,30,63,-0.8415241896825185,-0.8286451718652086,0.5906244232186183
11,Cardiff City,46,62,2014-2015,Championship,2,1.3478260869565217,22067000.0,28387882.0,31,62,-0.450325138647929,-0.8520122222147508,0.669374346314434
12,Charlton Athletic,46,60,2014-2015,Championship,2,1.3043478260869565,7133800.0,9177207.0,32,60,-0.8370953930122276,-0.8987463229138355,0.7481242694102499
13,Sheffield Wednesday,46,60,2014-2015,Championship,2,1.3043478260869565,9604400.0,12355490.0,33,60,-0.7731067343965503,-0.8987463229138355,0.8268741925060656
14,Nottingham Forest,46,59,2014-2015,Championship,2,1.2826086956521738,19286400.0,24810805.0,34,59,-0.5223427528739092,-0.9221133732633777,0.9056241156018814
15,Leeds United,46,56,2014-2015,Championship,2,1.2173913043478262,10486800.0,13490647.0,35,56,-0.7502525160188299,-0.9922145243120046,0.9843740386976972
16,Huddersfield Town,46,55,2014-2015,Championship,2,1.1956521739130435,9261400.0,11914238.0,36,55,-0.781990500754513,-1.0155815746615469,1.0631239617935129
17,Fulham,46,52,2014-2015,Championship,2,1.1304347826086956,16487600.0,21210317.0,37,52,-0.5948317028767386,-1.0856827257101738,1.1418738848893288
18,Bolton Wanderers,46,51,2014-2015,Championship,2,1.108695652173913,14585600.0,18763504.0,38,51,-0.644093609935802,-1.1090497760597162,1.2206238079851446
19,Reading,46,50,2014-2015,Championship,2,1.0869565217391304,16951200.0,21806713.0,39,50,-0.5828244083583601,-1.1324168264092584,1.2993737310809603
20,Brighton & Hove Albion,46,47,2014-2015,Championship,2,1.0217391304347827,18069600.0,23245467.0,40,47,-0.5538578441669586,-1.2025179774578854,1.378123654176776
21,Rotherham United,46,46,2014-2015,Championship,2,1.0,8018600.0,10315455.0,41,46,-0.8141789432524116,-1.2258850278074276,1.4568735772725918
22,Millwall,46,41,2014-2015,Championship,2,0.8913043478260869,8221000.0,10575826.0,42,41,-0.8089368703997353,-1.3427202795551392,1.5356235003684076
23,Wigan Athletic,46,39,2014-2015,Championship,2,0.8478260869565217,15199400.0,19553124.0,43,39,-0.6281961191786507,-1.3894543802542239,1.6143734234642233
24,Blackpool,46,26,2014-2015,Championship,2,0.5652173913043478,5248400.0,6751759.0,44,26,-0.8859271565971812,-1.6932260347982737,1.6931233465600393
1,Leicester City,38,81,2015-2016,Premier League,1,2.1315789473684212,38448800.0,48968291.0,1,170,-0.03597790598425112,1.6716292155358177,-1.6931233465600393
2,Arsenal,38,71,2015-2016,Premier League,1,1.868421052631579,96781400.0,123260538.0,2,160,1.4597546109359143,1.4379587120403947,-1.6143734234642233
3,Tottenham Hotspur,38,70,2015-2016,Premier League,1,1.8421052631578947,53431800.0,68050598.0,3,159,0.34820790384531686,1.4145916616908523,-1.5356235003684076
4,Manchester City,38,66,2015-2016,Premier League,1,1.736842105263158,127050000.0,161810544.0,4,155,2.2358853625292463,1.3211234602926831,-1.4568735772725918
5,Manchester United,38,66,2015-2016,Premier League,1,1.736842105263158,123284200.0,157014433.0,5,155,2.1393248267110407,1.3211234602926831,-1.378123654176776
6,Southampton,38,63,2015-2016,Premier League,1,1.6578947368421053,44402800.0,56551292.0,6,152,0.11669133784058744,1.2510223092440562,-1.2993737310809603
7,West Ham United,38,62,2015-2016,Premier League,1,1.631578947368421,52863200.0,67326435.0,7,151,0.3336282647794738,1.227655258894514,-1.2206238079851446
8,Liverpool,38,60,2015-2016,Premier League,1,1.5789473684210527,93672800.0,119301432.0,8,149,1.380045572358393,1.1809211581954293,-1.1418738848893288
9,Stoke City,38,51,2015-2016,Premier League,1,1.3421052631578947,42288000.0,53857887.0,9,140,0.0624647717799949,0.9706177050495486,-1.0631239617935129
10,Chelsea,38,50,2015-2016,Premier League,1,1.3157894736842106,99954800.0,127302169.0,10,139,1.5411251327898645,0.9472506547000064,-0.9843740386976972
11,Everton,38,47,2015-2016,Premier League,1,1.236842105263158,55474000.0,70651540.0,11,136,0.4005729039781486,0.8771495036513794,-0.9056241156018814
12,Swansea City,38,47,2015-2016,Premier League,1,1.236842105263158,40612000.0,51723334.0,12,136,0.019489623495820778,0.8771495036513794,-0.8268741925060656
13,Watford,38,45,2015-2016,Premier League,1,1.1842105263157894,31099000.0,39607605.0,13,134,-0.2244374424265848,0.8304154029522948,-0.7481242694102499
14,West Bromwich Albion,38,43,2015-2016,Premier League,1,1.131578947368421,41860000.0,53312789.0,14,132,0.051490264527466266,0.7836813022532102,-0.669374346314434
15,Crystal Palace,38,42,2015-2016,Premier League,1,1.105263157894737,53684800.0,68372822.0,15,131,0.35469526873188545,0.7603142519036679,-0.5906244232186183
16,AFC Bournemouth,38,42,2015-2016,Premier League,1,1.105263157894737,26620600.0,33903931.0,16,131,-0.3392700260703681,0.7603142519036679,-0.5118745001228026
17,Sunderland,38,39,2015-2016,Premier League,1,1.0263157894736843,46364800.0,59050090.0,17,128,0.16699986359853194,0.690213100855041,-0.43312457702698676
18,Newcastle United,38,37,2015-2016,Premier League,1,0.9736842105263158,47190800.0,60102081.0,18,126,0.1881796933889455,0.6434790001559564,-0.354374653931171
19,Norwich City,38,34,2015-2016,Premier League,1,0.8947368421052632,32656000.0,41590597.0,19,123,-0.18451368544030666,0.5733778491073295,-0.2756247308353552
20,Aston Villa,38,17,2015-2016,Premier League,1,0.4473684210526316,37180000.0,47352355.0,20,106,-0.0685116913799453,0.1761379931651104,-0.19687480773953944
1,Burnley,46,93,2015-2016,Championship,2,2.0217391304347827,15606000.0,19875763.0,21,93,-0.6217003990596105,-0.12763366137893953,-0.11812488464372366
2,Middlesbrough,46,89,2015-2016,Championship,2,1.934782608695652,23682000.0,30161335.0,22,89,-0.41462004926855384,-0.22110186277710872,-0.039374961547907886
3,Brighton & Hove Albion,46,89,2015-2016,Championship,2,1.934782608695652,16044000.0,20433596.0,23,89,-0.6104694969022006,-0.22110186277710872,0.039374961547907886
4,Hull City,46,83,2015-2016,Championship,2,1.8043478260869565,16447800.0,20947877.0,24,83,-0.6001154310932311,-0.3613041648743625,0.11812488464372366
5,Derby County,46,78,2015-2016,Championship,2,1.6956521739130435,19364600.0,24662710.0,25,78,-0.5253243628808496,-0.47813941662207404,0.19687480773953944
6,Sheffield Wednesday,46,74,2015-2016,Championship,2,1.608695652173913,17051800.0,21717127.0,26,74,-0.584628051385348,-0.5716076180202433,0.2756247308353552
7,Ipswich Town,46,69,2015-2016,Championship,2,1.5,8522600.0,10854363.0,27,69,-0.8033290598287965,-0.6884428697679548,0.354374653931171
8,Cardiff City,46,68,2015-2016,Championship,2,1.4782608695652173,20169000.0,25687188.0,28,68,-0.5046984548036672,-0.711809920117497,0.43312457702698676
9,Brentford,46,65,2015-2016,Championship,2,1.4130434782608696,7959800.0,10137581.0,29,65,-0.817760096555187,-0.7819110711661239,0.5118745001228026
10,Birmingham City,46,63,2015-2016,Championship,2,1.3695652173913044,8573600.0,10919314.0,30,63,-0.8020213954811765,-0.8286451718652086,0.5906244232186183
11,Preston North End,46,62,2015-2016,Championship,2,1.3478260869565217,8504800.0,10831689.0,31,62,-0.8037855575180998,-0.8520122222147508,0.669374346314434
12,Queens Park Rangers,46,60,2015-2016,Championship,2,1.3043478260869565,17608600.0,22426268.0,32,60,-0.5703508516018863,-0.8987463229138355,0.7481242694102499
13,Leeds United,46,59,2015-2016,Championship,2,1.2826086956521738,10130800.0,12902559.0,33,59,-0.7620925448230542,-0.9221133732633777,0.8268741925060656
14,Wolverhampton Wanderers,46,58,2015-2016,Championship,2,1.2608695652173914,15491800.0,19730319.0,34,58,-0.6246286362441842,-0.9454804236129201,0.9056241156018814
15,Blackburn Rovers,46,55,2015-2016,Championship,2,1.1956521739130435,16171800.0,20596366.0,35,55,-0.6071924337952105,-1.0155815746615469,0.9843740386976972
16,Nottingham Forest,46,55,2015-2016,Championship,2,1.1956521739130435,16267400.0,20718124.0,36,55,-0.6047410689873165,-1.0155815746615469,1.0631239617935129
17,Reading,46,52,2015-2016,Championship,2,1.1304347826086956,15656200.0,19939697.0,37,52,-0.6204132100648184,-1.0856827257101738,1.1418738848893288
18,Bristol City,46,52,2015-2016,Championship,2,1.1304347826086956,9757200.0,12426747.0,38,52,-0.7716721107815426,-1.0856827257101738,1.2206238079851446
19,Huddersfield Town,46,51,2015-2016,Championship,2,1.108695652173913,10621800.0,13527898.0,39,51,-0.7495025382723257,-1.1090497760597162,1.2993737310809603
20,Fulham,46,51,2015-2016,Championship,2,1.108695652173913,21858000.0,27838291.0,40,51,-0.461390103875144,-1.1090497760597162,1.378123654176776
21,Rotherham United,46,49,2015-2016,Championship,2,1.065217391304348,7212400.0,9185692.0,41,49,-0.8369245637410916,-1.1557838767588007,1.4568735772725918
22,Charlton Athletic,46,40,2015-2016,Championship,2,0.8695652173913043,11303000.0,14395473.0,42,40,-0.7320355724613843,-1.3660873299046814,1.5356235003684076
23,Milton Keynes Dons,46,39,2015-2016,Championship,2,0.8478260869565217,6047000.0,7701444.0,43,39,-0.8668070627422824,-1.3894543802542239,1.6143734234642233
24,Bolton Wanderers,46,30,2015-2016,Championship,2,0.6521739130434783,10205400.0,12997570.0,44,30,-0.7601796797812269,-1.5997578334001046,1.6931233465600393
1,Chelsea,38,93,2016-2017,Premier League,1,2.4473684210526314,98614000.0,122462245.0,1,182,1.4436825058866518,1.9520338197303253,-1.6931233465600393
2,Tottenham Hotspur,38,86,2016-2017,Premier League,1,2.263157894736842,71261400.0,88494848.0,2,175,0.7598138350677914,1.788464467283529,-1.6143734234642233
3,Manchester City,38,78,2016-2017,Premier League,1,2.0526315789473686,135195000.0,167889783.0,3,167,2.358279230228917,1.6015280644871908,-1.5356235003684076
4,Liverpool,38,76,2016-2017,Premier League,1,2.0,90521600.0,112412826.0,4,165,1.2413566457675558,1.554793963788106,-1.4568735772725918
5,Arsenal,38,75,2016-2017,Premier League,1,1.9736842105263157,102325000.0,127070690.0,5,164,1.5364647451819333,1.5314269134385639,-1.378123654176776
6,Manchester United,38,69,2016-2017,Premier League,1,1.8157894736842106,152287800.0,189116211.0,6,158,2.7856328217505824,1.39122461134131,-1.2993737310809603
7,Everton,38,61,2016-2017,Premier League,1,1.605263157894737,67759000.0,84145449.0,7,150,0.6722469922805481,1.2042882085449715,-1.2206238079851446
8,Southampton,38,46,2016-2017,Premier League,1,1.2105263157894737,57284000.0,71137235.0,8,135,0.4103514452680027,0.8537824533018371,-1.1418738848893288
9,AFC Bournemouth,38,46,2016-2017,Premier League,1,1.2105263157894737,33897000.0,42094456.0,9,135,-0.17436944669837065,0.8537824533018371,-1.0631239617935129
10,West Bromwich Albion,38,45,2016-2017,Premier League,1,1.1842105263157894,41251600.0,51227649.0,10,134,0.009509952633939696,0.8304154029522948,-0.9843740386976972
11,West Ham United,38,45,2016-2017,Premier League,1,1.1842105263157894,54963600.0,68255681.0,11,134,0.35233685840187423,0.8304154029522948,-0.9056241156018814
12,Leicester City,38,44,2016-2017,Premier League,1,1.1578947368421053,63444800.0,78787926.0,12,133,0.5643834979747738,0.8070483526027525,-0.8268741925060656
13,Stoke City,38,44,2016-2017,Premier League,1,1.1578947368421053,53613600.0,66579203.0,13,133,0.3185841754536618,0.8070483526027525,-0.7481242694102499
14,Crystal Palace,38,41,2016-2017,Premier League,1,1.0789473684210527,72167000.0,89619456.0,14,130,0.7824556694760111,0.7369472015541256,-0.669374346314434
15,Swansea City,38,41,2016-2017,Premier League,1,1.0789473684210527,39728000.0,49335589.0,15,130,-0.028583062185816237,0.7369472015541256,-0.5906244232186183
16,Burnley,38,40,2016-2017,Premier League,1,1.0526315789473684,24622000.0,30576444.0,16,129,-0.4062626222901207,0.7135801512045833,-0.5118745001228026
17,Watford,38,40,2016-2017,Premier League,1,1.0526315789473684,46602200.0,57872209.0,17,129,0.1432854790711338,0.7135801512045833,-0.43312457702698676
18,Hull City,38,34,2016-2017,Premier League,1,0.8947368421052632,42145000.0,52337109.0,18,123,0.031846810990401125,0.5733778491073295,-0.354374653931171
19,Middlesbrough,38,28,2016-2017,Premier League,1,0.7368421052631579,38868000.0,48267614.0,19,117,-0.050084699291472946,0.4331755470100757,-0.2756247308353552
20,Sunderland,38,24,2016-2017,Premier League,1,0.631578947368421,47772800.0,59325901.0,20,113,0.172552791365332,0.33970734561190646,-0.19687480773953944
1,Newcastle United,46,94,2016-2017,Championship,2,2.0434782608695654,37232000.0,46235974.0,21,94,-0.09098789085432452,-0.10426661102939723,-0.11812488464372366
2,Brighton & Hove Albion,46,93,2016-2017,Championship,2,2.0217391304347827,14888400.0,18488927.0,22,93,-0.6496216934691805,-0.12763366137893953,-0.039374961547907886
3,Reading,46,85,2016-2017,Championship,2,1.8478260869565217,19109000.0,23730214.0,23,85,-0.5440983890467023,-0.31457006417527794,0.039374961547907886
4,Sheffield Wednesday,46,81,2016-2017,Championship,2,1.7608695652173914,27780600.0,34498905.0,24,81,-0.32729136080638627,-0.40803826557344713,0.11812488464372366
5,Huddersfield Town,46,81,2016-2017,Championship,2,1.7608695652173914,9371000.0,11637229.0,25,81,-0.787567547963484,-0.40803826557344713,0.19687480773953944
6,Fulham,46,80,2016-2017,Championship,2,1.7391304347826086,15261600.0,18952379.0,26,80,-0.6402909725067134,-0.4314053159229894,0.2756247308353552
7,Leeds United,46,75,2016-2017,Championship,2,1.6304347826086956,10679000.0,13261548.0,27,75,-0.7548649868718638,-0.548240567670701,0.354374653931171
8,Norwich City,46,70,2016-2017,Championship,2,1.5217391304347827,25269800.0,31380907.0,28,70,-0.3900662960737506,-0.6650758194184124,0.43312457702698676
9,Derby County,46,67,2016-2017,Championship,2,1.4565217391304348,21619000.0,26847218.0,29,67,-0.4813434660710892,-0.7351769704670393,0.5118745001228026
10,Brentford,46,64,2016-2017,Championship,2,1.391304347826087,9127600.0,11334970.0,30,64,-0.7936529557023532,-0.8052781215156662,0.5906244232186183
11,Preston North End,46,62,2016-2017,Championship,2,1.3478260869565217,9516800.0,11818287.0,31,62,-0.7839222909012158,-0.8520122222147508,0.669374346314434
12,Cardiff City,46,62,2016-2017,Championship,2,1.3478260869565217,14354800.0,17826283.0,32,62,-0.662962764953289,-0.8520122222147508,0.7481242694102499
13,Aston Villa,46,62,2016-2017,Championship,2,1.3478260869565217,34429000.0,42755113.0,33,62,-0.16106837966467433,-0.8520122222147508,0.8268741925060656
14,Barnsley,46,58,2016-2017,Championship,2,1.2608695652173914,8095400.0,10053147.0,34,58,-0.8194600139009853,-0.9454804236129201,0.9056241156018814
15,Wolverhampton Wanderers,46,58,2016-2017,Championship,2,1.2608695652173914,18660800.0,23173624.0,35,58,-0.555304265772878,-0.9454804236129201,0.9843740386976972
16,Ipswich Town,46,55,2016-2017,Championship,2,1.1956521739130435,10566200.0,13121468.0,36,55,-0.7576852301601059,-1.0155815746615469,1.0631239617935129
17,Bristol City,46,54,2016-2017,Championship,2,1.173913043478261,13342600.0,16569300.0,37,54,-0.6882697171890433,-1.0389486250110893,1.1418738848893288
18,Queens Park Rangers,46,53,2016-2017,Championship,2,1.1521739130434783,16733000.0,20779614.0,38,53,-0.6035030852652006,-1.0623156753606315,1.2206238079851446
19,Birmingham City,46,53,2016-2017,Championship,2,1.1521739130434783,8598600.0,10678036.0,39,53,-0.8068790672408886,-1.0623156753606315,1.2993737310809603
20,Burton Albion,46,52,2016-2017,Championship,2,1.1304347826086956,4668800.0,5797876.0,40,52,-0.90513176916513,-1.0856827257101738,1.378123654176776
21,Nottingham Forest,46,51,2016-2017,Championship,2,1.108695652173913,20938800.0,26002523.0,41,51,-0.49834978677612696,-1.1090497760597162,1.4568735772725918
22,Blackburn Rovers,46,51,2016-2017,Championship,2,1.108695652173913,13723200.0,17041941.0,42,51,-0.6787539932598738,-1.1090497760597162,1.5356235003684076
23,Wigan Athletic,46,42,2016-2017,Championship,2,0.9130434782608695,10903800.0,13540711.0,43,42,-0.7492445729864016,-1.319353229205597,1.6143734234642233
24,Rotherham United,46,23,2016-2017,Championship,2,0.5,7664800.0,9518410.0,44,23,-0.8302259222049883,-1.7633271858469006,1.6931233465600393
1,Manchester City,38,100,2017-2018,Premier League,1,2.6315789473684212,135610000.0,164630434.0,1,189,2.292658462515548,2.1156031721771216,-1.6931233465600393
2,Manchester United,38,81,2017-2018,Premier League,1,2.1315789473684212,163066800.0,197962969.0,2,170,2.9637453993648197,1.6716292155358177,-1.6143734234642233
3,Tottenham Hotspur,38,77,2017-2018,Premier League,1,2.026315789473684,80417800.0,97627147.0,3,166,0.9436752354173799,1.5781610141376485,-1.5356235003684076
4,Liverpool,38,75,2017-2018,Premier League,1,1.9736842105263157,96572800.0,117239306.0,4,164,1.3385286034048696,1.5314269134385639,-1.4568735772725918
5,Chelsea,38,70,2017-2018,Premier League,1,1.8421052631578947,121693600.0,147735938.0,5,159,1.9525200490929782,1.4145916616908523,-1.378123654176776
6,Arsenal,38,63,2017-2018,Premier League,1,1.6578947368421053,160856000.0,195279061.0,6,152,2.9097100372627396,1.2510223092440562,-1.2993737310809603
7,Burnley,38,54,2017-2018,Premier League,1,1.4210526315789473,31928000.0,38760570.0,7,143,-0.24149087456290816,1.0407188560981755,-1.2206238079851446
8,Everton,38,49,2017-2018,Premier League,1,1.2894736842105263,84333800.0,102381167.0,8,138,1.0393883493320633,0.923883604350464,-1.1418738848893288
9,Leicester City,38,47,2017-2018,Premier League,1,1.236842105263158,65875000.0,79972200.0,9,136,0.588226593348415,0.8771495036513794,-1.0631239617935129
10,Newcastle United,38,44,2017-2018,Premier League,1,1.1578947368421053,37544000.0,45578387.0,10,133,-0.10422714930082137,0.8070483526027525,-0.9843740386976972
11,Crystal Palace,38,44,2017-2018,Premier League,1,1.1578947368421053,68267600.0,82876814.0,11,133,0.6467054492766998,0.8070483526027525,-0.9056241156018814
12,AFC Bournemouth,38,44,2017-2018,Premier League,1,1.1578947368421053,41917000.0,50887204.0,12,133,0.0026557427091424865,0.8070483526027525,-0.8268741925060656
13,West Ham United,38,42,2017-2018,Premier League,1,1.105263157894737,68079800.0,82648826.0,13,131,0.6421153462869815,0.7603142519036679,-0.7481242694102499
14,Watford,38,41,2017-2018,Premier League,1,1.0789473684210527,48566800.0,58960057.0,14,130,0.1651872210801831,0.7369472015541256,-0.669374346314434
15,Brighton & Hove Albion,38,40,2017-2018,Premier League,1,1.0526315789473684,39144800.0,47521758.0,15,129,-0.0651010854850418,0.7135801512045833,-0.5906244232186183
16,Huddersfield Town,38,37,2017-2018,Premier League,1,0.9736842105263158,25607000.0,31086877.0,16,126,-0.39598602861259863,0.6434790001559564,-0.5118745001228026
17,Southampton,38,36,2017-2018,Premier League,1,0.9473684210526315,66632800.0,80892168.0,17,125,0.606748392159077,0.6201119498064142,-0.43312457702698676
18,Swansea City,38,33,2017-2018,Premier League,1,0.868421052631579,47773000.0,57996386.0,18,122,0.1457855458244465,0.5500107987577872,-0.354374653931171
19,Stoke City,38,33,2017-2018,Premier League,1,0.868421052631579,51147800.0,62093391.0,19,122,0.22827091742028074,0.5500107987577872,-0.2756247308353552
20,West Bromwich Albion,38,31,2017-2018,Premier League,1,0.8157894736842105,58175600.0,70625137.0,20,120,0.40004132999514275,0.5032766980587026,-0.19687480773953944
1,Wolverhampton Wanderers,46,99,2017-2018,Championship,2,2.152173913043478,23420000.0,28431864.0,21,99,-0.4494396450706627,0.012568640718314279,-0.11812488464372366
2,Cardiff City,46,90,2017-2018,Championship,2,1.9565217391304348,15854600.0,19247475.0,22,90,-0.634349778093613,-0.19773481242756644,-0.039374961547907886
3,Fulham,46,88,2017-2018,Championship,2,1.9130434782608696,17004800.0,20643816.0,23,88,-0.6062371186608081,-0.24446891312665103,0.039374961547907886
4,Aston Villa,46,83,2017-2018,Championship,2,1.8043478260869565,40971600.0,49739491.0,24,83,-0.020451266750296716,-0.3613041648743625,0.11812488464372366
5,Middlesbrough,46,76,2017-2018,Championship,2,1.6521739130434783,30215800.0,36681960.0,25,76,-0.2833397173768215,-0.5248735173211586,0.19687480773953944
6,Derby County,46,75,2017-2018,Championship,2,1.6304347826086956,25661600.0,31153162.0,26,75,-0.39465150672252775,-0.548240567670701,0.2756247308353552
7,Preston North End,46,73,2017-2018,Championship,2,1.5869565217391304,5538000.0,6723132.0,27,73,-0.8865035065729987,-0.5949746683697855,0.354374653931171
8,Millwall,46,72,2017-2018,Championship,2,1.565217391304348,6548400.0,7949755.0,28,72,-0.8618077949585395,-0.6183417187193279,0.43312457702698676
9,Brentford,46,69,2017-2018,Championship,2,1.5,10166000.0,12341523.0,29,69,-0.7733879332686725,-0.6884428697679548,0.5118745001228026
10,Sheffield United,46,69,2017-2018,Championship,2,1.5,10605400.0,12874952.0,30,69,-0.7626483590467728,-0.6884428697679548,0.5906244232186183
11,Bristol City,46,67,2017-2018,Championship,2,1.4565217391304348,11106800.0,13483651.0,31,67,-0.7503933671185197,-0.7351769704670393,0.669374346314434
12,Ipswich Town,46,60,2017-2018,Championship,2,1.3043478260869565,10550400.0,12808183.0,32,60,-0.7639926253525455,-0.8987463229138355,0.7481242694102499
13,Leeds United,46,60,2017-2018,Championship,2,1.3043478260869565,17173600.0,20848739.0,33,60,-0.6021113853986976,-0.8987463229138355,0.8268741925060656
14,Norwich City,46,60,2017-2018,Championship,2,1.3043478260869565,21230000.0,25773201.0,34,60,-0.5029667473082962,-0.8987463229138355,0.9056241156018814
15,Sheffield Wednesday,46,57,2017-2018,Championship,2,1.2391304347826086,24512000.0,29757550.0,35,57,-0.42274948913250904,-0.9688474739624624,0.9843740386976972
16,Queens Park Rangers,46,56,2017-2018,Championship,2,1.2173913043478262,11682800.0,14182914.0,36,56,-0.7363150420009721,-0.9922145243120046,1.0631239617935129
17,Nottingham Forest,46,53,2017-2018,Championship,2,1.1521739130434783,20497000.0,24883344.0,37,53,-0.520882318637146,-1.0623156753606315,1.1418738848893288
18,Hull City,46,49,2017-2018,Championship,2,1.065217391304348,18433600.0,22378378.0,38,49,-0.5713150252960176,-1.1557838767588007,1.2206238079851446
19,Birmingham City,46,46,2017-2018,Championship,2,1.0,16788200.0,20380864.0,39,46,-0.6115311550195306,-1.2258850278074276,1.2993737310809603
20,Reading,46,44,2017-2018,Championship,2,0.9565217391304348,18854600.0,22889469.0,40,44,-0.5610251840450827,-1.2726191285065123,1.378123654176776
21,Bolton Wanderers,46,43,2017-2018,Championship,2,0.9347826086956522,10176400.0,12354147.0,41,43,-0.7731337731368138,-1.2959861788560545,1.4568735772725918
22,Barnsley,46,41,2017-2018,Championship,2,0.8913043478260869,6121000.0,7430893.0,42,41,-0.8722540904541413,-1.3427202795551392,1.5356235003684076
23,Burton Albion,46,41,2017-2018,Championship,2,0.8913043478260869,6535600.0,7934216.0,43,41,-0.8621206430486024,-1.3427202795551392,1.6143734234642233
24,Sunderland,46,37,2017-2018,Championship,2,0.8043478260869565,24221600.0,29405003.0,44,37,-0.42984734971603206,-1.4361884809533083,1.6931233465600393
1,Manchester City,38,98,2018-2019,Premier League,1,2.5789473684210527,151035800.0,180224845.0,1,187,2.606622147244555,2.0688690714780367,-1.6931233465600393
2,Liverpool,38,97,2018-2019,Premier League,1,2.5526315789473686,121599800.0,145100067.0,2,186,1.8994518202493025,2.0455020211284944,-1.6143734234642233
3,Chelsea,38,72,2018-2019,Premier League,1,1.894736842105263,172240000.0,205526950.0,3,161,3.1160317118122856,1.461325762389937,-1.5356235003684076
4,Tottenham Hotspur,38,71,2018-2019,Premier League,1,1.868421052631579,90525000.0,108019780.0,4,160,1.1529110539882943,1.4379587120403947,-1.4568735772725918
5,Arsenal,38,70,2018-2019,Premier League,1,1.8421052631578947,138490800.0,165255407.0,5,159,2.305241100355229,1.4145916616908523,-1.378123654176776
6,Manchester United,38,66,2018-2019,Premier League,1,1.736842105263158,150040800.0,179037553.0,6,155,2.5827182902044092,1.3211234602926831,-1.2993737310809603
7,Wolverhampton Wanderers,38,57,2018-2019,Premier League,1,1.5,40668800.0,48528414.0,7,146,-0.04483398934306098,1.1108200071468024,-1.2206238079851446
8,Everton,38,54,2018-2019,Premier League,1,1.4210526315789473,85317000.0,101805287.0,8,143,1.027794105294136,1.0407188560981755,-1.1418738848893288
9,Leicester City,38,52,2018-2019,Premier League,1,1.368421052631579,78390000.0,93539580.0,9,141,0.8613798799277308,0.9939847553990909,-1.0631239617935129
10,West Ham United,38,52,2018-2019,Premier League,1,1.368421052631579,84233000.0,100511794.0,10,141,1.0017520939317845,0.9939847553990909,-0.9843740386976972
11,Watford,38,50,2018-2019,Premier League,1,1.3157894736842106,49398000.0,58944611.0,11,139,0.16487624536751758,0.9472506547000064,-0.9056241156018814
12,Crystal Palace,38,49,2018-2019,Premier League,1,1.2894736842105263,73739000.0,87989734.0,12,138,0.7496443292975377,0.923883604350464,-0.8268741925060656
13,Newcastle United,38,45,2018-2019,Premier League,1,1.1842105263157894,46570800.0,55571030.0,13,134,0.09695563448379982,0.8304154029522948,-0.7481242694102499
14,AFC Bournemouth,38,45,2018-2019,Premier League,1,1.1842105263157894,53747000.0,64134098.0,14,134,0.26935665571281886,0.8304154029522948,-0.669374346314434
15,Burnley,38,40,2018-2019,Premier League,1,1.0526315789473684,43665000.0,52103661.0,15,129,0.027146781327683042,0.7135801512045833,-0.5906244232186183
16,Southampton,38,39,2018-2019,Premier League,1,1.0263157894736843,75998500.0,90685903.0,16,128,0.8039265432197,0.690213100855041,-0.5118745001228026
17,Brighton & Hove Albion,38,36,2018-2019,Premier League,1,0.9473684210526315,43497000.0,51903191.0,17,125,0.0231107007166472,0.6201119498064142,-0.43312457702698676
18,Cardiff City,38,34,2018-2019,Premier League,1,0.8947368421052632,32990000.0,39365616.0,18,123,-0.22930942881349534,0.5733778491073295,-0.354374653931171
19,Fulham,38,26,2018-2019,Premier League,1,0.6842105263157895,49959000.0,59614032.0,19,115,0.17835375880454168,0.3864414463109911,-0.2756247308353552
20,Huddersfield Town,38,16,2018-2019,Premier League,1,0.42105263157894735,35130800.0,41920148.0,20,105,-0.17787880540116127,0.15277094281556808,-0.19687480773953944
1,Norwich City,46,94,2018-2019,Championship,2,2.0434782608695654,19272800.0,22997443.0,21,94,-0.5588513337537874,-0.10426661102939723,-0.11812488464372366
2,Sheffield United,46,89,2018-2019,Championship,2,1.934782608695652,11389000.0,13590030.0,22,89,-0.7482516291062417,-0.22110186277710872,-0.039374961547907886
3,Leeds United,46,83,2018-2019,Championship,2,1.8043478260869565,16232000.0,19368982.0,23,83,-0.6319034666913825,-0.3613041648743625,0.039374961547907886
4,West Bromwich Albion,46,80,2018-2019,Championship,2,1.7391304347826086,22871800.0,27291980.0,24,80,-0.4723890325661981,-0.4314053159229894,0.11812488464372366
5,Aston Villa,46,76,2018-2019,Championship,2,1.6521739130434783,41094000.0,49035791.0,25,76,-0.034618922389474255,-0.5248735173211586,0.19687480773953944
6,Derby County,46,74,2018-2019,Championship,2,1.608695652173913,20823200.0,24847472.0,26,74,-0.5216045328521361,-0.5716076180202433,0.2756247308353552
7,Middlesbrough,46,73,2018-2019,Championship,2,1.5869565217391304,23820000.0,28423435.0,27,73,-0.4496093468887423,-0.5949746683697855,0.354374653931171
8,Bristol City,46,70,2018-2019,Championship,2,1.5217391304347827,12112800.0,14453707.0,28,70,-0.7308631420812624,-0.6650758194184124,0.43312457702698676
9,Nottingham Forest,46,66,2018-2019,Championship,2,1.434782608695652,22173000.0,26458135.0,29,66,-0.4891769092415569,-0.7585440208165817,0.5118745001228026
10,Swansea City,46,65,2018-2019,Championship,2,1.4130434782608696,21580000.0,25750529.0,30,65,-0.5034232047314188,-0.7819110711661239,0.5906244232186183
11,Brentford,46,64,2018-2019,Championship,2,1.391304347826087,10900000.0,13006522.0,31,64,-0.759999448356924,-0.8052781215156662,0.669374346314434
12,Sheffield Wednesday,46,64,2018-2019,Championship,2,1.391304347826087,25407000.0,30317133.0,32,64,-0.41148335406708647,-0.8052781215156662,0.7481242694102499
13,Hull City,46,62,2018-2019,Championship,2,1.3478260869565217,14102000.0,16827341.0,33,62,-0.6830745544367497,-0.8520122222147508,0.8268741925060656
14,Preston North End,46,61,2018-2019,Championship,2,1.326086956521739,8492400.0,10133634.0,34,61,-0.8178395618625734,-0.8753792725642932,0.9056241156018814
15,Blackburn Rovers,46,60,2018-2019,Championship,2,1.3043478260869565,10555600.0,12595568.0,35,60,-0.7682732223451897,-0.8987463229138355,0.9843740386976972
16,Stoke City,46,55,2018-2019,Championship,2,1.1956521739130435,34152000.0,40752186.0,36,55,-0.20139348980594327,-1.0155815746615469,1.0631239617935129
17,Birmingham City,46,52,2018-2019,Championship,2,1.1304347826086956,11767800.0,14042035.0,37,52,-0.7391513716283583,-1.0856827257101738,1.1418738848893288
18,Wigan Athletic,46,52,2018-2019,Championship,2,1.1304347826086956,10578200.0,12622534.0,38,52,-0.7677303134323489,-1.0856827257101738,1.2206238079851446
19,Queens Park Rangers,46,51,2018-2019,Championship,2,1.108695652173913,11447400.0,13659714.0,39,51,-0.7468486748422648,-1.1090497760597162,1.2993737310809603
20,Reading,46,47,2018-2019,Championship,2,1.0217391304347827,18157800.0,21666960.0,40,47,-0.5856380681260764,-1.2025179774578854,1.378123654176776
21,Millwall,46,44,2018-2019,Championship,2,0.9565217391304348,9984400.0,11913976.0,41,44,-0.7819957756241698,-1.2726191285065123,1.4568735772725918
22,Rotherham United,46,40,2018-2019,Championship,2,0.8695652173913043,5143400.0,6137408.0,42,40,-0.8982959407517703,-1.3660873299046814,1.5356235003684076
23,Bolton Wanderers,46,32,2018-2019,Championship,2,0.6956521739130435,9932400.0,11851928.0,43,32,-0.7832449936106692,-1.55302373270102,1.6143734234642233
24,Ipswich Town,46,31,2018-2019,Championship,2,0.6739130434782609,11020600.0,13150431.0,44,31,-0.75710211546595,-1.5763907830505621,1.6931233465600393
1,Liverpool,38,99,2019-2020,Premier League,1,2.6052631578947367,115750000.0,136766458.0,1,188,1.731670517785823,2.092236121827579,-1.6931233465600393
2,Manchester City,38,81,2019-2020,Premier League,1,2.1315789473684212,156170000.0,184525423.0,2,170,2.693206072430604,1.6716292155358177,-1.6143734234642233
3,Manchester United,38,66,2019-2020,Premier League,1,1.736842105263158,164400000.0,194249725.0,3,155,2.8889863226329138,1.3211234602926831,-1.5356235003684076
4,Chelsea,38,66,2019-2020,Premier League,1,1.736842105263158,129460000.0,152965749.0,4,155,2.057812306171254,1.3211234602926831,-1.4568735772725918
5,Leicester City,38,62,2019-2020,Premier League,1,1.631578947368421,68120000.0,80488388.0,5,151,0.5986190529605733,1.227655258894514,-1.378123654176776
6,Tottenham Hotspur,38,59,2019-2020,Premier League,1,1.5526315789473684,106380000.0,125695168.0,6,148,1.5087712365559383,1.157554107845887,-1.2993737310809603
7,Wolverhampton Wanderers,38,59,2019-2020,Premier League,1,1.5526315789473684,50034000.0,59118557.0,7,148,0.16837831589162214,1.157554107845887,-1.2206238079851446
8,Arsenal,38,56,2019-2020,Premier League,1,1.4736842105263157,118660000.0,140204820.0,8,145,1.800895370391811,1.0874529567972602,-1.1418738848893288
9,Sheffield United,38,54,2019-2020,Premier League,1,1.4210526315789473,23970000.0,28322177.0,9,143,-0.45164798334562994,1.0407188560981755,-1.0631239617935129
10,Burnley,38,54,2019-2020,Premier League,1,1.4210526315789473,44210000.0,52237108.0,10,143,0.02983348182801177,1.0407188560981755,-0.9843740386976972
11,Southampton,38,52,2019-2020,Premier League,1,1.368421052631579,55740000.0,65860583.0,11,141,0.30411613410731286,0.9939847553990909,-0.9056241156018814
12,Everton,38,49,2019-2020,Premier League,1,1.2894736842105263,92870000.0,109732189.0,12,138,1.1873871390038242,0.923883604350464,-0.8268741925060656
13,Newcastle United,38,44,2019-2020,Premier League,1,1.1578947368421053,65068000.0,76882248.0,13,133,0.5260163107314079,0.8070483526027525,-0.7481242694102499
14,Crystal Palace,38,43,2019-2020,Premier League,1,1.131578947368421,74370000.0,87873189.0,14,132,0.7472979182893411,0.7836813022532102,-0.669374346314434
15,Brighton & Hove Albion,38,41,2019-2020,Premier League,1,1.0789473684210527,47970000.0,56679801.0,15,130,0.11927862114104938,0.7369472015541256,-0.5906244232186183
16,West Ham United,38,39,2019-2020,Premier League,1,1.0263157894736843,77116000.0,91117773.0,16,128,0.8126214209245339,0.690213100855041,-0.5118745001228026
17,Aston Villa,38,35,2019-2020,Premier League,1,0.9210526315789473,50920000.0,60165427.0,17,124,0.1894550441266453,0.5967448994568718,-0.43312457702698676
18,AFC Bournemouth,38,34,2019-2020,Premier League,1,0.8947368421052632,45220000.0,53430493.0,18,123,0.05386000978731244,0.5733778491073295,-0.354374653931171
19,Watford,38,34,2019-2020,Premier League,1,0.8947368421052632,57120000.0,67491147.0,19,123,0.3369444263478129,0.5733778491073295,-0.2756247308353552
20,Norwich City,38,21,2019-2020,Premier League,1,0.5526315789473685,26706000.0,31554947.0,20,110,-0.3865623330391585,0.2696061945632796,-0.19687480773953944
1,Leeds United,46,93,2019-2020,Championship,2,2.0217391304347827,20926800.0,24726431.0,21,93,-0.5240414622342899,-0.12763366137893953,-0.11812488464372366
2,West Bromwich Albion,46,83,2019-2020,Championship,2,1.8043478260869565,23920000.0,28263100.0,22,83,-0.452837385920869,-0.3613041648743625,-0.039374961547907886
3,Brentford,46,81,2019-2020,Championship,2,1.7608695652173914,15468000.0,18276487.0,23,81,-0.6538987671710235,-0.40803826557344713,0.039374961547907886
4,Fulham,46,81,2019-2020,Championship,2,1.7608695652173914,30670800.0,36239627.0,24,81,-0.29224524760539095,-0.40803826557344713,0.11812488464372366
5,Cardiff City,46,73,2019-2020,Championship,2,1.5869565217391304,25040000.0,29586454.0,25,73,-0.4261941803492786,-0.5949746683697855,0.19687480773953944
6,Swansea City,46,70,2019-2020,Championship,2,1.5217391304347827,21100000.0,24931076.0,26,70,-0.5199213259712809,-0.6650758194184124,0.2756247308353552
7,Nottingham Forest,46,70,2019-2020,Championship,2,1.5217391304347827,23304000.0,27535253.0,27,70,-0.46749119529135136,-0.6650758194184124,0.354374653931171
8,Millwall,46,68,2019-2020,Championship,2,1.4782608695652173,8680000.0,10256005.0,28,68,-0.8153758554703299,-0.711809920117497,0.43312457702698676
9,Preston North End,46,66,2019-2020,Championship,2,1.434782608695652,9698800.0,11459788.0,29,66,-0.7911399836381626,-0.7585440208165817,0.5118745001228026
10,Derby County,46,64,2019-2020,Championship,2,1.391304347826087,19790800.0,23384171.0,30,64,-0.5510653040109597,-0.8052781215156662,0.5906244232186183
11,Blackburn Rovers,46,63,2019-2020,Championship,2,1.3695652173913044,11428000.0,13502954.0,31,63,-0.7500047380765941,-0.8286451718652086,0.669374346314434
12,Bristol City,46,63,2019-2020,Championship,2,1.3695652173913044,17800000.0,21031905.0,32,63,-0.5984236877820917,-0.8286451718652086,0.7481242694102499
13,Queens Park Rangers,46,58,2019-2020,Championship,2,1.2608695652173914,12090000.0,14285156.0,33,58,-0.7342565945832362,-0.9454804236129201,0.8268741925060656
14,Reading,46,56,2019-2020,Championship,2,1.2173913043478262,17620000.0,20819221.0,34,56,-0.602705673957966,-0.9922145243120046,0.9056241156018814
15,Stoke City,46,56,2019-2020,Championship,2,1.2173913043478262,35640000.0,42111072.0,35,56,-0.17403491527006232,-0.9922145243120046,0.9843740386976972
16,Sheffield Wednesday,46,56,2019-2020,Championship,2,1.2173913043478262,22404000.0,26471843.0,36,56,-0.48890092483982056,-0.9922145243120046,1.0631239617935129
17,Middlesbrough,46,53,2019-2020,Championship,2,1.1521739130434783,16550800.0,19555891.0,37,53,-0.62814041091781,-1.0623156753606315,1.1418738848893288
18,Huddersfield Town,46,51,2019-2020,Championship,2,1.108695652173913,20790000.0,24564791.0,38,51,-0.527295774949249,-1.1090497760597162,1.2206238079851446
19,Luton Town,46,51,2019-2020,Championship,2,1.108695652173913,7050800.0,8331003.0,39,51,-0.8541320945505174,-1.1090497760597162,1.2993737310809603
20,Birmingham City,46,50,2019-2020,Championship,2,1.0869565217391304,14386400.0,16998507.0,40,50,-0.6796284539036597,-1.1324168264092584,1.378123654176776
21,Barnsley,46,49,2019-2020,Championship,2,1.065217391304348,6470800.0,7645692.0,41,49,-0.8679295227922972,-1.1557838767588007,1.4568735772725918
22,Charlton Athletic,46,48,2019-2020,Championship,2,1.0434782608695652,8610000.0,10173300.0,42,48,-0.8170409627030116,-1.1791509271083431,1.5356235003684076
23,Wigan Athletic,46,47,2019-2020,Championship,2,1.0217391304347827,10970800.0,12962744.0,43,47,-0.7608808347837706,-1.2025179774578854,1.6143734234642233
24,Hull City,46,45,2019-2020,Championship,2,0.9782608695652174,10450000.0,12347383.0,44,45,-0.7732699533595556,-1.24925207815697,1.6931233465600393
1,Manchester City,38,86,2020-2021,Premier League,1,2.263157894736842,143568000.0,165468201.0,1,175,2.309525301171036,1.788464467283529,-1.6931233465600393
2,Manchester United,38,74,2020-2021,Premier League,1,1.9473684210526316,192410000.0,221760675.0,2,163,3.442866763028866,1.5080598630890216,-1.6143734234642233
3,Liverpool,38,69,2020-2021,Premier League,1,1.8157894736842106,131530000.0,151593893.0,3,158,2.030192605454273,1.39122461134131,-1.5356235003684076
4,Chelsea,38,67,2020-2021,Premier League,1,1.763157894736842,162912000.0,187762981.0,4,156,2.7583881199733984,1.3444905106422254,-1.4568735772725918
5,Leicester City,38,66,2020-2021,Premier League,1,1.736842105263158,79680000.0,91834572.0,5,155,0.8270527999134594,1.3211234602926831,-1.378123654176776
6,West Ham United,38,65,2020-2021,Premier League,1,1.7105263157894737,68816000.0,79313352.0,6,154,0.5749619470750587,1.297756409943141,-1.2993737310809603
7,Tottenham Hotspur,38,62,2020-2021,Premier League,1,1.631578947368421,135786000.0,156499115.0,7,151,2.1289498828874374,1.227655258894514,-1.2206238079851446
8,Arsenal,38,61,2020-2021,Premier League,1,1.605263157894737,153360000.0,176753893.0,8,150,2.536741157225918,1.2042882085449715,-1.1418738848893288
9,Leeds United,38,59,2020-2021,Premier League,1,1.5526315789473684,31929400.0,36799986.0,9,148,-0.280963489261901,1.157554107845887,-1.0631239617935129
10,Everton,38,59,2020-2021,Premier League,1,1.5526315789473684,102633000.0,118288876.0,10,148,1.3596596909836838,1.157554107845887,-0.9843740386976972
11,Aston Villa,38,55,2020-2021,Premier League,1,1.4473684210526316,64777024.0,74658263.0,11,144,0.481240619916151,1.0640859064477177,-0.9056241156018814
12,Newcastle United,38,45,2020-2021,Premier League,1,1.1842105263157894,60268000.0,69461421.0,12,134,0.3766121306917448,0.8304154029522948,-0.8268741925060656
13,Wolverhampton Wanderers,38,45,2020-2021,Premier League,1,1.1842105263157894,55820800.0,64335833.0,13,134,0.2734182046830753,0.8304154029522948,-0.7481242694102499
14,Crystal Palace,38,44,2020-2021,Premier League,1,1.1578947368421053,90475000.0,104276266.0,14,133,1.0775425486132197,0.8070483526027525,-0.669374346314434
15,Southampton,38,43,2020-2021,Premier League,1,1.131578947368421,62854000.0,72441895.0,15,132,0.4366182828496559,0.7836813022532102,-0.5906244232186183
16,Brighton & Hove Albion,38,41,2020-2021,Premier League,1,1.0789473684210527,52696900.0,60735407.0,16,130,0.2009305029318441,0.7369472015541256,-0.5118745001228026
17,Burnley,38,39,2020-2021,Premier League,1,1.0263157894736843,36491000.0,42057423.0,17,128,-0.17511503543119097,0.690213100855041,-0.43312457702698676
18,Fulham,38,28,2020-2021,Premier League,1,0.7368421052631579,55888800.0,64414208.0,18,117,0.2749961356347885,0.4331755470100757,-0.354374653931171
19,West Bromwich Albion,38,26,2020-2021,Premier League,1,0.6842105263157895,37268200.0,42953179.0,19,115,-0.15708069900270283,0.3864414463109911,-0.2756247308353552
20,Sheffield United,38,23,2020-2021,Premier League,1,0.6052631578947368,20707200.0,23865925.0,20,112,-0.5413661072299503,0.3163402952623642,-0.19687480773953944
1,Norwich City,46,97,2020-2021,Championship,2,2.108695652173913,27826000.0,32070645.0,21,97,-0.37617973864124377,-0.03416545998077032,-0.11812488464372366
2,Watford,46,91,2020-2021,Championship,2,1.9782608695652173,38000000.0,43796611.0,22,91,-0.14009980639070513,-0.17436776207802412,-0.039374961547907886
3,Brentford,46,87,2020-2021,Championship,2,1.891304347826087,15456000.0,17813694.0,23,87,-0.6632162204269875,-0.2678359634761933,0.039374961547907886
4,Swansea City,46,80,2020-2021,Championship,2,1.7391304347826086,18224800.0,21004856.0,24,80,-0.5989682677414268,-0.4314053159229894,0.11812488464372366
5,Barnsley,46,78,2020-2021,Championship,2,1.6956521739130435,5996000.0,6910647.0,25,78,-0.8827282501467085,-0.47813941662207404,0.19687480773953944
6,AFC Bournemouth,46,77,2020-2021,Championship,2,1.673913043478261,40336000.0,46488948.0,26,77,-0.0858947424705455,-0.5015064669716164,0.2756247308353552
7,Reading,46,70,2020-2021,Championship,2,1.5217391304347827,12533200.0,14445048.0,27,70,-0.7310374745101094,-0.6650758194184124,0.354374653931171
8,Cardiff City,46,68,2020-2021,Championship,2,1.4782608695652173,21270000.0,24514578.0,28,68,-0.5283067178121309,-0.711809920117497,0.43312457702698676
9,Queens Park Rangers,46,68,2020-2021,Championship,2,1.4782608695652173,13838800.0,15949807.0,29,68,-0.700742025693919,-0.711809920117497,0.5118745001228026
10,Middlesbrough,46,64,2020-2021,Championship,2,1.391304347826087,19820000.0,22843392.0,30,64,-0.5619528564465128,-0.8052781215156662,0.5906244232186183
11,Millwall,46,62,2020-2021,Championship,2,1.3478260869565217,11560000.0,13323391.0,31,62,-0.7536198961688744,-0.8520122222147508,0.669374346314434
12,Luton Town,46,62,2020-2021,Championship,2,1.3478260869565217,6786400.0,7821615.0,32,62,-0.8643876491486834,-0.8520122222147508,0.7481242694102499
13,Preston North End,46,61,2020-2021,Championship,2,1.326086956521739,13389600.0,15432083.0,33,61,-0.7111654097327672,-0.8753792725642932,0.8268741925060656
14,Stoke City,46,60,2020-2021,Championship,2,1.3043478260869565,31540800.0,36352109.0,34,60,-0.2899806373430548,-0.8987463229138355,0.9056241156018814
15,Blackburn Rovers,46,57,2020-2021,Championship,2,1.2391304347826086,11944800.0,13766890.0,35,57,-0.7446908907570233,-0.9688474739624624,0.9843740386976972
16,Coventry City,46,55,2020-2021,Championship,2,1.1956521739130435,5102400.0,5880733.0,36,55,-0.9034636017027238,-1.0155815746615469,1.0631239617935129
17,Nottingham Forest,46,52,2020-2021,Championship,2,1.1304347826086956,25250000.0,29101700.0,37,52,-0.435953776401167,-1.0856827257101738,1.1418738848893288
18,Birmingham City,46,52,2020-2021,Championship,2,1.1304347826086956,15562800.0,17936786.0,38,52,-0.6607379980766427,-1.0856827257101738,1.2206238079851446
19,Bristol City,46,51,2020-2021,Championship,2,1.108695652173913,17740000.0,20446102.0,39,51,-0.6102177124749965,-1.1090497760597162,1.2993737310809603
20,Huddersfield Town,46,49,2020-2021,Championship,2,1.065217391304348,13830000.0,15939665.0,40,49,-0.7009462154956705,-1.1557838767588007,1.378123654176776
21,Derby County,46,44,2020-2021,Championship,2,0.9565217391304348,18272000.0,21059254.0,41,44,-0.5978730678956686,-1.2726191285065123,1.4568735772725918
22,Wycombe Wanderers,46,43,2020-2021,Championship,2,0.9347826086956522,3811600.0,4393033.0,42,43,-0.933415600131606,-1.2959861788560545,1.5356235003684076
23,Rotherham United,46,42,2020-2021,Championship,2,0.9130434782608695,4776800.0,5505466.0,43,42,-0.9110188860977034,-1.319353229205597,1.6143734234642233
24,Sheffield Wednesday,46,41,2020-2021,Championship,2,0.8913043478260869,19348000.0,22299392.0,44,41,-0.5729052575658998,-1.3427202795551392,1.6931233465600393
1,Manchester City,38,93,2021-2022,Premier League,1,2.4473684210526314,168572000.0,180024728.0,1,182,2.6025931736143924,1.9520338197303253,-1.6931233465600393
2,Liverpool,38,92,2021-2022,Premier League,1,2.4210526315789473,155012000.0,165543467.0,2,181,2.311040638345028,1.9286667693807829,-1.6143734234642233
3,Chelsea,38,74,2021-2022,Premier League,1,1.9473684210526316,187340000.0,200067815.0,3,163,3.00612245393566,1.5080598630890216,-1.5356235003684076
4,Tottenham Hotspur,38,71,2021-2022,Premier League,1,1.868421052631579,110416000.0,117917628.0,4,160,1.3521853214785915,1.4379587120403947,-1.4568735772725918
5,Arsenal,38,69,2021-2022,Premier League,1,1.8157894736842106,118074000.0,126095909.0,5,158,1.5168393912930416,1.39122461134131,-1.378123654176776
6,Manchester United,38,58,2021-2022,Premier League,1,1.5263157894736843,233580000.0,249449352.0,6,147,4.00032539716332,1.1341870574963446,-1.2993737310809603
7,West Ham United,38,56,2021-2022,Premier League,1,1.4736842105263157,77936000.0,83230945.0,7,145,0.6538352006752469,1.0874529567972602,-1.2206238079851446
8,Leicester City,38,52,2021-2022,Premier League,1,1.368421052631579,81590000.0,87133199.0,8,141,0.7323996328034309,0.9939847553990909,-1.1418738848893288
9,Brighton & Hove Albion,38,51,2021-2022,Premier League,1,1.3421052631578947,49820000.0,53204757.0,9,140,0.0493152465169339,0.9706177050495486,-1.0631239617935129
10,Wolverhampton Wanderers,38,51,2021-2022,Premier League,1,1.3421052631578947,62756000.0,67019621.0,10,140,0.3274511508143202,0.9706177050495486,-0.9843740386976972
11,Newcastle United,38,49,2021-2022,Premier League,1,1.2894736842105263,73672000.0,78677252.0,11,138,0.5621552883396873,0.923883604350464,-0.9056241156018814
12,Crystal Palace,38,48,2021-2022,Premier League,1,1.263157894736842,71910000.0,76795542.0,12,137,0.5242706510044639,0.9005165540009217,-0.8268741925060656
13,Brentford,38,46,2021-2022,Premier League,1,1.2105263157894737,28606000.0,30549483.0,13,135,-0.40680543053751006,0.8537824533018371,-0.7481242694102499
14,Aston Villa,38,45,2021-2022,Premier League,1,1.1842105263157894,85330000.0,91127293.0,14,134,0.8128130879441232,0.8304154029522948,-0.669374346314434
15,Southampton,38,40,2021-2022,Premier League,1,1.0526315789473684,58656800.0,62641924.0,15,129,0.2393145818379658,0.7135801512045833,-0.5906244232186183
16,Everton,38,39,2021-2022,Premier League,1,1.0263157894736843,107602000.0,114912447.0,16,128,1.2916817410588115,0.690213100855041,-0.5118745001228026
17,Leeds United,38,38,2021-2022,Premier League,1,1.0,37354000.0,39891819.0,17,127,-0.21871533630205275,0.6668460505054987,-0.43312457702698676
18,Burnley,38,35,2021-2022,Premier League,1,0.9210526315789473,40830000.0,43603978.0,18,124,-0.1439781039731148,0.5967448994568718,-0.354374653931171
19,Watford,38,23,2021-2022,Premier League,1,0.6052631578947368,41770000.0,44607843.0,19,112,-0.12376719928614172,0.3163402952623642,-0.2756247308353552
20,Norwich City,38,22,2021-2022,Premier League,1,0.5789473684210527,32270000.0,34462415.0,20,111,-0.3280260172711775,0.2929732449128219,-0.19687480773953944
1,Fulham,46,90,2021-2022,Championship,2,1.9565217391304348,42218800.0,45087131.0,21,90,-0.1141176507057948,-0.19773481242756644,-0.11812488464372366
2,AFC Bournemouth,46,88,2021-2022,Championship,2,1.9130434782608696,37562000.0,40113952.0,22,88,-0.21424311255599987,-0.24446891312665103,-0.039374961547907886
3,Huddersfield Town,46,82,2021-2022,Championship,2,1.7826086956521738,11060000.0,11811411.0,23,82,-0.7840607260300704,-0.38467121522390485,0.039374961547907886
4,Nottingham Forest,46,80,2021-2022,Championship,2,1.7391304347826086,22454000.0,23979519.0,24,80,-0.5390791089712083,-0.4314053159229894,0.11812488464372366
5,Sheffield United,46,75,2021-2022,Championship,2,1.6304347826086956,23734400.0,25346908.0,25,75,-0.511549342768566,-0.548240567670701,0.19687480773953944
6,Luton Town,46,75,2021-2022,Championship,2,1.6304347826086956,6170000.0,6589188.0,26,75,-0.8892002132192031,-0.548240567670701,0.2756247308353552
7,Middlesbrough,46,70,2021-2022,Championship,2,1.5217391304347827,17200000.0,18368561.0,27,70,-0.6520450330153866,-0.6650758194184124,0.354374653931171
8,Blackburn Rovers,46,69,2021-2022,Championship,2,1.5,8538800.0,9118921.0,28,69,-0.8382688703130449,-0.6884428697679548,0.43312457702698676
9,Millwall,46,69,2021-2022,Championship,2,1.5,12512000.0,13362061.0,29,69,-0.7528413495672444,-0.6884428697679548,0.5118745001228026
10,West Bromwich Albion,46,67,2021-2022,Championship,2,1.4565217391304348,23160000.0,24733482.0,30,67,-0.5238995038146341,-0.7351769704670393,0.5906244232186183
11,Queens Park Rangers,46,66,2021-2022,Championship,2,1.434782608695652,13152000.0,14045543.0,31,66,-0.7390807447476105,-0.7585440208165817,0.669374346314434
12,Coventry City,46,64,2021-2022,Championship,2,1.391304347826087,5630800.0,6013352.0,32,64,-0.9007935714011576,-0.8052781215156662,0.7481242694102499
13,Preston North End,46,64,2021-2022,Championship,2,1.391304347826087,10952400.0,11696500.0,33,64,-0.7863742395687282,-0.8052781215156662,0.8268741925060656
14,Stoke City,46,62,2021-2022,Championship,2,1.3478260869565217,24120000.0,25758705.0,34,62,-0.5032585965851833,-0.8520122222147508,0.9056241156018814
15,Swansea City,46,61,2021-2022,Championship,2,1.326086956521739,13741600.0,14675200.0,35,61,-0.7264038035129969,-0.8753792725642932,0.9843740386976972
16,Blackpool,46,60,2021-2022,Championship,2,1.3043478260869565,5236000.0,5591734.0,36,60,-0.9092820446643077,-0.8987463229138355,1.0631239617935129
17,Bristol City,46,55,2021-2022,Championship,2,1.1956521739130435,14150000.0,15111345.0,37,55,-0.7176228568471605,-1.0155815746615469,1.1418738848893288
18,Cardiff City,46,53,2021-2022,Championship,2,1.1521739130434783,15080000.0,16104529.0,38,53,-0.6976269936976068,-1.0623156753606315,1.2206238079851446
19,Hull City,46,51,2021-2022,Championship,2,1.108695652173913,5970000.0,6375602.0,39,51,-0.8935003594425217,-1.1090497760597162,1.2993737310809603
20,Birmingham City,46,47,2021-2022,Championship,2,1.0217391304347827,17000000.0,18154975.0,40,47,-0.6563451792387053,-1.2025179774578854,1.378123654176776
21,Reading,46,41,2021-2022,Championship,2,0.8913043478260869,21061600.0,22492519.0,41,41,-0.5690170142368853,-1.3427202795551392,1.4568735772725918
22,Peterborough United,46,37,2021-2022,Championship,2,0.8043478260869565,4740400.0,5062462.0,42,37,-0.9199379256298595,-1.4361884809533083,1.5356235003684076
23,Derby County,46,34,2021-2022,Championship,2,0.7391304347826086,9772000.0,10435904.0,43,34,-0.8117539326597111,-1.5062896320019352,1.6143734234642233
24,Barnsley,46,30,2021-2022,Championship,2,0.6521739130434783,5196000.0,5549013.0,44,30,-0.9101421504147146,-1.5997578334001046,1.6931233465600393
1,Manchester City,38,89,2022-2023,Premier League,1,2.3421052631578947,199160000.0,199160000.0,1,178,2.987845332571329,1.858565618332156,-1.6931233465600393
2,Arsenal,38,84,2022-2023,Premier League,1,2.210526315789474,133016000.0,133016000.0,2,173,1.6561622082317538,1.7417303665844446,-1.6143734234642233
3,Manchester United,38,75,2022-2023,Premier League,1,1.9736842105263157,242190000.0,242190000.0,3,164,3.8541722078787175,1.5314269134385639,-1.5356235003684076
4,Newcastle United,38,71,2022-2023,Premier League,1,1.868421052631579,92326000.0,92326000.0,4,160,0.8369467642099632,1.4379587120403947,-1.4568735772725918
5,Liverpool,38,67,2022-2023,Premier League,1,1.763157894736842,170820000.0,170820000.0,5,156,2.417273553667973,1.3444905106422254,-1.378123654176776
6,Brighton & Hove Albion,38,62,2022-2023,Premier League,1,1.631578947368421,44876000.0,44876000.0,6,151,-0.11836837019244421,1.227655258894514,-1.2993737310809603
7,Aston Villa,38,61,2022-2023,Premier League,1,1.605263157894737,108830000.0,108830000.0,7,150,1.1692232864054812,1.2042882085449715,-1.2206238079851446
8,Tottenham Hotspur,38,60,2022-2023,Premier League,1,1.5789473684210527,116740000.0,116740000.0,8,149,1.3284760306230374,1.1809211581954293,-1.1418738848893288
9,Brentford,38,59,2022-2023,Premier League,1,1.5526315789473684,38376000.0,38376000.0,9,148,-0.24923345709688358,1.157554107845887,-1.0631239617935129
10,Fulham,38,52,2022-2023,Premier League,1,1.368421052631579,62400000.0,62400000.0,10,141,0.23444390410192434,0.9939847553990909,-0.9843740386976972
11,Crystal Palace,38,45,2022-2023,Premier League,1,1.1842105263157894,70460000.0,70460000.0,11,134,0.39671661186342916,0.8304154029522948,-0.9056241156018814
12,Chelsea,38,44,2022-2023,Premier League,1,1.1578947368421053,226564000.0,226564000.0,12,133,3.539572538960445,0.8070483526027525,-0.8268741925060656
13,Wolverhampton Wanderers,38,41,2022-2023,Premier League,1,1.0789473684210527,67782000.0,67782000.0,13,130,0.34280019605880013,0.7369472015541256,-0.7481242694102499
14,West Ham United,38,40,2022-2023,Premier League,1,1.0526315789473684,88920000.0,88920000.0,14,129,0.768373458672037,0.7135801512045833,-0.669374346314434
15,AFC Bournemouth,38,39,2022-2023,Premier League,1,1.0263157894736843,50804000.0,50804000.0,15,128,0.0009805890644044907,0.690213100855041,-0.5906244232186183
16,Nottingham Forest,38,38,2022-2023,Premier League,1,1.0,76750000.0,76750000.0,16,127,0.5233537498063405,0.6668460505054987,-0.5118745001228026
17,Everton,38,36,2022-2023,Premier League,1,0.9473684210526315,86372000.0,86372000.0,17,125,0.7170743446054967,0.6201119498064142,-0.43312457702698676
18,Leicester City,38,34,2022-2023,Premier League,1,0.8947368421052632,84760000.0,84760000.0,18,123,0.6846198030531958,0.5733778491073295,-0.354374653931171
19,Leeds United,38,31,2022-2023,Premier League,1,0.8157894736842105,61074000.0,61074000.0,19,120,0.2077474263734187,0.5032766980587026,-0.2756247308353552
20,Southampton,38,25,2022-2023,Premier League,1,0.6578947368421053,62296000.0,62296000.0,20,114,0.2323500627114533,0.3630743959614488,-0.19687480773953944
1,Burnley,46,101,2022-2023,Championship,2,2.1956521739130435,29618000.0,29618000.0,21,101,-0.4255590618828959,0.05930274141739888,-0.11812488464372366
2,Sheffield United,46,91,2022-2023,Championship,2,1.9782608695652173,18064800.0,18064800.0,22,91,-0.6581606806558757,-0.17436776207802412,-0.039374961547907886
3,Luton Town,46,80,2022-2023,Championship,2,1.7391304347826086,9210000.0,9210000.0,23,80,-0.8364351685822495,-0.4314053159229894,0.039374961547907886
4,Middlesbrough,46,75,2022-2023,Championship,2,1.6304347826086956,16240000.0,16240000.0,24,75,-0.6948995438225252,-0.548240567670701,0.11812488464372366
5,Coventry City,46,70,2022-2023,Championship,2,1.5217391304347827,8018000.0,8018000.0,25,70,-0.8604338122114944,-0.6650758194184124,0.19687480773953944
6,Sunderland,46,69,2022-2023,Championship,2,1.5,11088000.0,11088000.0,26,69,-0.798625225012013,-0.6884428697679548,0.2756247308353552
7,Blackburn Rovers,46,69,2022-2023,Championship,2,1.5,9876000.0,9876000.0,27,69,-0.8230265304471177,-0.6884428697679548,0.354374653931171
8,Millwall,46,68,2022-2023,Championship,2,1.4782608695652173,10540000.0,10540000.0,28,68,-0.8096581584925719,-0.711809920117497,0.43312457702698676
9,West Bromwich Albion,46,66,2022-2023,Championship,2,1.434782608695652,26274000.0,26274000.0,29,66,-0.49288411582265673,-0.7585440208165817,0.5118745001228026
10,Swansea City,46,66,2022-2023,Championship,2,1.434782608695652,11590000.0,11590000.0,30,66,-0.7885184136849317,-0.7585440208165817,0.5906244232186183
11,Watford,46,63,2022-2023,Championship,2,1.3695652173913044,30876000.0,30876000.0,31,63,-0.40023163429431363,-0.8286451718652086,0.669374346314434
12,Preston North End,46,63,2022-2023,Championship,2,1.3695652173913044,10984000.0,10984000.0,32,63,-0.8007190664024841,-0.8286451718652086,0.7481242694102499
13,Norwich City,46,62,2022-2023,Championship,2,1.3478260869565217,26170000.0,26170000.0,33,62,-0.49497795721312776,-0.8520122222147508,0.8268741925060656
14,Bristol City,46,59,2022-2023,Championship,2,1.2826086956521738,15008000.0,15008000.0,34,59,-0.7197035110634896,-0.9221133732633777,0.9056241156018814
15,Hull City,46,58,2022-2023,Championship,2,1.2608695652173914,17050400.0,17050400.0,35,58,-0.6785836874490855,-0.9454804236129201,0.9843740386976972
16,Stoke City,46,53,2022-2023,Championship,2,1.1521739130434783,22288000.0,22288000.0,36,53,-0.5731346137305176,-1.0623156753606315,1.0631239617935129
17,Birmingham City,46,53,2022-2023,Championship,2,1.1521739130434783,14254000.0,14254000.0,37,53,-0.7348838611444046,-1.0623156753606315,1.1418738848893288
18,Huddersfield Town,46,53,2022-2023,Championship,2,1.1521739130434783,16694000.0,16694000.0,38,53,-0.6857591208295073,-1.0623156753606315,1.2206238079851446
19,Rotherham United,46,50,2022-2023,Championship,2,1.0869565217391304,7962800.0,7962800.0,39,50,-0.8615451587956675,-1.1324168264092584,1.2993737310809603
20,Queens Park Rangers,46,50,2022-2023,Championship,2,1.0869565217391304,12324000.0,12324000.0,40,50,-0.7737407254098766,-1.1324168264092584,1.378123654176776
21,Cardiff City,46,49,2022-2023,Championship,2,1.065217391304348,14910000.0,14910000.0,41,49,-0.7216765539122028,-1.1557838767588007,1.4568735772725918
22,Reading,46,44,2022-2023,Championship,2,0.9565217391304348,13424800.0,13424800.0,42,44,-0.7515782196153524,-1.2726191285065123,1.5356235003684076
23,Blackpool,46,44,2022-2023,Championship,2,0.9565217391304348,7300800.0,7300800.0,43,44,-0.8748732645696273,-1.2726191285065123,1.6143734234642233
24,Wigan Athletic,46,42,2022-2023,Championship,2,0.9130434782608695,8714000.0,8714000.0,44,42,-0.8464211813675729,-1.319353229205597,1.6931233465600393
1,Manchester City,38,91,2023-2024,Premier League,1,2.3947368421052633,196872000.0,196872000.0,1,180,2.941780821980966,1.9052997190312406,-1.6931233465600393
2,Arsenal,38,89,2023-2024,Premier League,1,2.3421052631578947,171496000.0,171496000.0,2,178,2.4308835227060346,1.858565618332156,-1.6143734234642233
3,Liverpool,38,82,2023-2024,Premier League,1,2.1578947368421053,141960000.0,141960000.0,3,171,1.8362325678122622,1.69499626588536,-1.5356235003684076
4,Aston Villa,38,68,2023-2024,Premier League,1,1.7894736842105263,113510000.0,113510000.0,4,157,1.2634461489766775,1.3678575609917678,-1.4568735772725918
5,Tottenham Hotspur,38,66,2023-2024,Premier League,1,1.736842105263158,133510000.0,133510000.0,5,155,1.666107954836491,1.3211234602926831,-1.378123654176776
6,Chelsea,38,63,2023-2024,Premier League,1,1.6578947368421053,157170000.0,157170000.0,6,152,2.1424568711686502,1.2510223092440562,-1.2993737310809603
7,Newcastle United,38,60,2023-2024,Premier League,1,1.5789473684210527,88140000.0,88140000.0,7,149,0.7526696482435042,1.1809211581954293,-1.2206238079851446
8,Manchester United,38,60,2023-2024,Premier League,1,1.5789473684210527,195746000.0,195746000.0,8,149,2.9191109623110587,1.1809211581954293,-1.1418738848893288
9,West Ham United,38,52,2023-2024,Premier League,1,1.368421052631579,104676000.0,104676000.0,9,141,1.085590429328398,0.9939847553990909,-1.0631239617935129
10,Crystal Palace,38,49,2023-2024,Premier League,1,1.2894736842105263,73580000.0,73580000.0,10,138,0.45953185357756005,0.923883604350464,-0.9843740386976972
11,Brighton & Hove Albion,38,48,2023-2024,Premier League,1,1.263157894736842,66820000.0,66820000.0,11,137,0.3234321631969431,0.9005165540009217,-0.9056241156018814
12,AFC Bournemouth,38,48,2023-2024,Premier League,1,1.263157894736842,57330000.0,57330000.0,12,137,0.13236913631646163,0.9005165540009217,-0.8268741925060656
13,Fulham,38,47,2023-2024,Premier League,1,1.236842105263158,67990000.0,67990000.0,13,136,0.3469878788397422,0.8771495036513794,-0.7481242694102499
14,Wolverhampton Wanderers,38,46,2023-2024,Premier League,1,1.2105263157894737,62400000.0,62400000.0,14,135,0.23444390410192434,0.8537824533018371,-0.669374346314434
15,Everton,38,40,2023-2024,Premier League,1,1.0526315789473684,81318000.0,81318000.0,15,129,0.6153217062647218,0.7135801512045833,-0.5906244232186183
16,Brentford,38,39,2023-2024,Premier League,1,1.0263157894736843,46722000.0,46722000.0,16,128,-0.08120268551158344,0.690213100855041,-0.5118745001228026
17,Nottingham Forest,38,32,2023-2024,Premier League,1,0.8421052631578947,73740000.0,73740000.0,17,121,0.46275314802443857,0.5266437484082449,-0.43312457702698676
18,Luton Town,38,26,2023-2024,Premier League,1,0.6842105263157895,26182000.0,26182000.0,18,115,-0.49473636012961186,0.3864414463109911,-0.354374653931171
19,Burnley,38,24,2023-2024,Premier League,1,0.631578947368421,40846000.0,40846000.0,19,113,-0.19950472407319664,0.33970734561190646,-0.2756247308353552
20,Sheffield United,38,16,2023-2024,Premier League,1,0.42105263157894735,35360000.0,35360000.0,20,105,-0.30995485742054346,0.15277094281556808,-0.19687480773953944
1,Leicester City,46,97,2023-2024,Championship,2,2.108695652173913,59670000.0,59670000.0,21,97,0.1794805676020598,-0.03416545998077032,-0.11812488464372366
2,Ipswich Town,46,96,2023-2024,Championship,2,2.0869565217391304,14888000.0,14888000.0,22,96,-0.7221194818986485,-0.057532510330312626,-0.039374961547907886
3,Leeds United,46,90,2023-2024,Championship,2,1.9565217391304348,42991000.0,42991000.0,23,90,-0.15631924539473163,-0.19773481242756644,0.039374961547907886
4,Southampton,46,87,2023-2024,Championship,2,1.891304347826087,43498000.0,43498000.0,24,87,-0.14611176861618536,-0.2678359634761933,0.11812488464372366
5,West Bromwich Albion,46,75,2023-2024,Championship,2,1.6304347826086956,25502000.0,25502000.0,25,75,-0.5084268615288455,-0.548240567670701,0.19687480773953944
6,Norwich City,46,73,2023-2024,Championship,2,1.5869565217391304,26530000.0,26530000.0,26,73,-0.4877300447076511,-0.5949746683697855,0.2756247308353552
7,Hull City,46,70,2023-2024,Championship,2,1.5217391304347827,20939200.0,20939200.0,27,70,-0.6002901259177034,-0.6650758194184124,0.354374653931171
8,Middlesbrough,46,69,2023-2024,Championship,2,1.5,17074000.0,17074000.0,28,69,-0.6781085465181709,-0.6884428697679548,0.43312457702698676
9,Coventry City,46,64,2023-2024,Championship,2,1.391304347826087,10710000.0,10710000.0,29,64,-0.8062355331427635,-0.8052781215156662,0.5118745001228026
10,Preston North End,46,63,2023-2024,Championship,2,1.3695652173913044,11500800.0,11500800.0,30,63,-0.7903142853390666,-0.8286451718652086,0.5906244232186183
11,Bristol City,46,62,2023-2024,Championship,2,1.3478260869565217,13462000.0,13462000.0,31,62,-0.7508292686564532,-0.8520122222147508,0.669374346314434
12,Cardiff City,46,62,2023-2024,Championship,2,1.3478260869565217,24048000.0,24048000.0,32,62,-0.537700374814854,-0.8520122222147508,0.7481242694102499
13,Millwall,46,59,2023-2024,Championship,2,1.2826086956521738,12466000.0,12466000.0,33,59,-0.7708818265882719,-0.9221133732633777,0.8268741925060656
14,Swansea City,46,57,2023-2024,Championship,2,1.2391304347826086,12996000.0,12996000.0,34,57,-0.7602112887329868,-0.9688474739624624,0.9056241156018814
15,Watford,46,56,2023-2024,Championship,2,1.2173913043478262,17106000.0,17106000.0,35,56,-0.6774642876287952,-0.9922145243120046,0.9843740386976972
16,Sunderland,46,56,2023-2024,Championship,2,1.2173913043478262,10710000.0,10710000.0,36,56,-0.8062355331427635,-0.9922145243120046,1.0631239617935129
17,Stoke City,46,56,2023-2024,Championship,2,1.2173913043478262,22318000.0,22318000.0,37,56,-0.5725306210217278,-0.9922145243120046,1.1418738848893288
18,Queens Park Rangers,46,56,2023-2024,Championship,2,1.2173913043478262,15106000.0,15106000.0,38,56,-0.7177304682147765,-0.9922145243120046,1.2206238079851446
19,Blackburn Rovers,46,53,2023-2024,Championship,2,1.1521739130434783,10504000.0,10504000.0,39,53,-0.8103829497431196,-1.0623156753606315,1.2993737310809603
20,Sheffield Wednesday,46,53,2023-2024,Championship,2,1.1521739130434783,17505000.0,17505000.0,40,53,-0.6694311846018919,-1.0623156753606315,1.378123654176776
21,Plymouth Argyle,46,51,2023-2024,Championship,2,1.108695652173913,9102000.0,9102000.0,41,51,-0.8386095423338925,-1.1090497760597162,1.4568735772725918
22,Birmingham City,46,50,2023-2024,Championship,2,1.0869565217391304,14918200.0,14918200.0,42,50,-0.7215114625718002,-1.1324168264092584,1.5356235003684076
23,Huddersfield Town,46,45,2023-2024,Championship,2,0.9782608695652174,11418000.0,11418000.0,43,45,-0.7919813052153262,-1.24925207815697,1.6143734234642233
24,Rotherham United,46,27,2023-2024,Championship,2,0.5869565217391305,10586000.0,10586000.0,44,27,-0.8087320363390944,-1.6698589844487315,1.6931233465600393
1,Liverpool,38,84,2024-2025,Premier League,1,2.210526315789474,148493800.0,148493800.0,1,173,1.9677781531686047,1.7417303665844446,-1.6931233465600393
2,Arsenal,38,74,2024-2025,Premier League,1,1.9473684210526316,169936000.0,169936000.0,2,163,2.399475901848969,1.5080598630890216,-1.6143734234642233
3,Manchester City,38,71,2024-2025,Premier League,1,1.868421052631579,226293600.0,226293600.0,3,160,3.5341285513452205,1.4379587120403947,-1.5356235003684076
4,Chelsea,38,69,2024-2025,Premier League,1,1.8157894736842106,171355600.0,171355600.0,4,158,2.428056836828899,1.39122461134131,-1.4568735772725918
5,Newcastle United,38,66,2024-2025,Premier League,1,1.736842105263158,110411600.0,110411600.0,5,155,1.2010657820128754,1.3211234602926831,-1.378123654176776
6,Aston Villa,38,66,2024-2025,Premier League,1,1.736842105263158,140381800.0,140381800.0,6,155,1.8044585247118643,1.3211234602926831,-1.2993737310809603
7,Nottingham Forest,38,65,2024-2025,Premier League,1,1.7105263157894737,65962000.0,65962000.0,7,154,0.3061579717255571,1.297756409943141,-1.2206238079851446
8,Brighton & Hove Albion,38,61,2024-2025,Premier League,1,1.605263157894737,67561000.0,67561000.0,8,150,0.3383507831040492,1.2042882085449715,-1.1418738848893288
9,AFC Bournemouth,38,56,2024-2025,Premier League,1,1.4736842105263157,53898000.0,53898000.0,9,145,0.06327237043091763,1.0874529567972602,-1.0631239617935129
10,Brentford,38,56,2024-2025,Premier League,1,1.4736842105263157,44863000.0,44863000.0,10,145,-0.1186301003662531,1.0874529567972602,-0.9843740386976972
11,Fulham,38,54,2024-2025,Premier League,1,1.4210526315789473,71526000.0,71526000.0,11,143,0.4181784861157572,1.0407188560981755,-0.9056241156018814
12,Crystal Palace,38,53,2024-2025,Premier League,1,1.394736842105263,76544000.0,76544000.0,12,142,0.5192063332059844,1.0173518057486333,-0.8268741925060656
13,Everton,38,48,2024-2025,Premier League,1,1.263157894736842,73788000.0,73788000.0,13,137,0.4637195363585021,0.9005165540009217,-0.7481242694102499
14,West Ham United,38,43,2024-2025,Premier League,1,1.131578947368421,103168000.0,103168000.0,14,132,1.055229729166568,0.7836813022532102,-0.669374346314434
15,Manchester United,38,42,2024-2025,Premier League,1,1.105263157894737,171223000.0,171223000.0,15,131,2.4253871890560483,0.7603142519036679,-0.5906244232186183
16,Wolverhampton Wanderers,38,42,2024-2025,Premier League,1,1.105263157894737,82420000.0,82420000.0,16,131,0.6375083717675976,0.7603142519036679,-0.5118745001228026
17,Tottenham Hotspur,38,38,2024-2025,Premier League,1,1.0,121121000.0,121121000.0,17,127,1.4166790991966296,0.6668460505054987,-0.43312457702698676
18,Leicester City,38,25,2024-2025,Premier League,1,0.6578947368421053,66690000.0,66690000.0,18,114,0.3208148614588543,0.3630743959614488,-0.354374653931171
19,Ipswich Town,38,22,2024-2025,Premier League,1,0.5789473684210527,40768000.0,40768000.0,19,111,-0.2010751051160499,0.2929732449128219,-0.2756247308353552
20,Southampton,38,12,2024-2025,Premier League,1,0.3157894736842105,54132000.0,54132000.0,20,101,0.06798351355947745,0.05930274141739888,-0.19687480773953944
1,Leeds United,46,100,2024-2025,Championship,2,2.1739130434782608,37570000.0,37570000.0,21,100,-0.2654607278730341,0.03593569106785658,-0.11812488464372366
2,Burnley,46,100,2024-2025,Championship,2,2.1739130434782608,34580000.0,34580000.0,22,100,-0.32565866784907616,0.03593569106785658,-0.039374961547907886
3,Sheffield United,46,90,2024-2025,Championship,2,1.9565217391304348,29978000.0,29978000.0,23,90,-0.41831114937741926,-0.19773481242756644,0.039374961547907886
4,Sunderland,46,76,2024-2025,Championship,2,1.6521739130434783,16030000.0,16030000.0,24,76,-0.6991274927840532,-0.5248735173211586,0.11812488464372366
5,Coventry City,46,69,2024-2025,Championship,2,1.5,13104000.0,13104000.0,25,69,-0.7580369149813438,-0.6884428697679548,0.19687480773953944
6,Bristol City,46,68,2024-2025,Championship,2,1.4782608695652173,13576000.0,13576000.0,26,68,-0.7485340963630522,-0.711809920117497,0.2756247308353552
7,Blackburn Rovers,46,66,2024-2025,Championship,2,1.434782608695652,17788000.0,17788000.0,27,66,-0.6637335200489756,-0.7585440208165817,0.354374653931171
8,Millwall,46,66,2024-2025,Championship,2,1.434782608695652,15818000.0,15818000.0,28,66,-0.7033957079261671,-0.7585440208165817,0.43312457702698676
9,West Bromwich Albion,46,64,2024-2025,Championship,2,1.391304347826087,24668000.0,24668000.0,29,64,-0.5252178588331997,-0.8052781215156662,0.5118745001228026
10,Middlesbrough,46,64,2024-2025,Championship,2,1.391304347826087,24978000.0,24978000.0,30,64,-0.5189766008423726,-0.8052781215156662,0.5906244232186183
11,Swansea City,46,61,2024-2025,Championship,2,1.326086956521739,15222000.0,15222000.0,31,61,-0.7153950297407896,-0.8753792725642932,0.669374346314434
12,Sheffield Wednesday,46,58,2024-2025,Championship,2,1.2608695652173914,17032000.0,17032000.0,32,58,-0.6789541363104765,-0.9454804236129201,0.7481242694102499
13,Norwich City,46,57,2024-2025,Championship,2,1.2391304347826086,25558000.0,25558000.0,33,57,-0.507299408472438,-0.9688474739624624,0.8268741925060656
14,Watford,46,57,2024-2025,Championship,2,1.2391304347826086,20282000.0,20282000.0,34,57,-0.6135215928582568,-0.9688474739624624,0.9056241156018814
15,Queens Park Rangers,46,56,2024-2025,Championship,2,1.2173913043478262,12558400.0,12558400.0,35,56,-0.7690215290451996,-0.9922145243120046,0.9843740386976972
16,Portsmouth,46,54,2024-2025,Championship,2,1.173913043478261,10059000.0,10059000.0,36,54,-0.8193421749235005,-1.0389486250110893,1.0631239617935129
17,Oxford United,46,53,2024-2025,Championship,2,1.1521739130434783,13500000.0,13500000.0,37,53,-0.7500642112253195,-1.0623156753606315,1.1418738848893288
18,Stoke City,46,51,2024-2025,Championship,2,1.108695652173913,17069000.0,17069000.0,38,51,-0.6782092119696358,-1.1090497760597162,1.2206238079851446
19,Derby County,46,50,2024-2025,Championship,2,1.0869565217391304,13254400.0,13254400.0,39,50,-0.755008898201278,-1.1324168264092584,1.2993737310809603
20,Preston North End,46,50,2024-2025,Championship,2,1.0869565217391304,14354800.0,14354800.0,40,50,-0.7328544456428712,-1.1324168264092584,1.378123654176776
21,Hull City,46,49,2024-2025,Championship,2,1.065217391304348,23694400.0,23694400.0,41,49,-0.5448194355424555,-1.1557838767588007,1.4568735772725918
22,Luton Town,46,49,2024-2025,Championship,2,1.065217391304348,27716000.0,27716000.0,42,49,-0.46385219962016416,-1.1557838767588007,1.5356235003684076
23,Plymouth Argyle,46,46,2024-2025,Championship,2,1.0,12313600.0,12313600.0,43,46,-0.7739501095489237,-1.2258850278074276,1.6143734234642233
24,Cardiff City,46,44,2024-2025,Championship,2,0.9565217391304348,23506000.0,23506000.0,44,44,-0.5486125097536549,-1.2726191285065123,1.6931233465600393
